COSMIC_ID,IC50,Cell Line Name,GDSC Desc1,GDSC Desc2,TCGA Desc,Genetic Feature,IS Mutated,Recurrent Gain Loss,Genes in Segment
684057,3.9668129318984655,ES5,bone,ewings_sarcoma,UNCLASSIFIED,cnaPANCAN1,0,gain,"C19orf12,CCNE1,PLEKHF1,POP4,TSHZ3,UQCRFS1,URI1,VSTM2B,ZNF536"
684059,2.6920902681428838,ES7,bone,ewings_sarcoma,UNCLASSIFIED,cnaPANCAN1,0,gain,"C19orf12,CCNE1,PLEKHF1,POP4,TSHZ3,UQCRFS1,URI1,VSTM2B,ZNF536"
684062,2.477990281764333,EW-11,bone,ewings_sarcoma,UNCLASSIFIED,cnaPANCAN1,0,gain,"C19orf12,CCNE1,PLEKHF1,POP4,TSHZ3,UQCRFS1,URI1,VSTM2B,ZNF536"
684072,2.0335642972208023,SK-ES-1,bone,ewings_sarcoma,UNCLASSIFIED,cnaPANCAN1,0,gain,"C19orf12,CCNE1,PLEKHF1,POP4,TSHZ3,UQCRFS1,URI1,VSTM2B,ZNF536"
687448,2.966006525794388,COLO-829,skin,melanoma,SKCM,cnaPANCAN1,0,gain,"C19orf12,CCNE1,PLEKHF1,POP4,TSHZ3,UQCRFS1,URI1,VSTM2B,ZNF536"
687562,2.4939431522826467,8-MG-BA,nervous_system,glioma,GBM,cnaPANCAN1,0,gain,"C19orf12,CCNE1,PLEKHF1,POP4,TSHZ3,UQCRFS1,URI1,VSTM2B,ZNF536"
687568,3.6032434728643734,GB-1,nervous_system,glioma,GBM,cnaPANCAN1,0,gain,"C19orf12,CCNE1,PLEKHF1,POP4,TSHZ3,UQCRFS1,URI1,VSTM2B,ZNF536"
687590,3.875674312781951,U-87-MG,nervous_system,glioma,GBM,cnaPANCAN1,0,gain,"C19orf12,CCNE1,PLEKHF1,POP4,TSHZ3,UQCRFS1,URI1,VSTM2B,ZNF536"
687600,3.6942133897834433,NCI-H720,lung,lung_NSCLC_carcinoid,UNCLASSIFIED,cnaPANCAN1,0,gain,"C19orf12,CCNE1,PLEKHF1,POP4,TSHZ3,UQCRFS1,URI1,VSTM2B,ZNF536"
687799,-3.1303150474520955,NCI-H1648,lung,lung_NSCLC_adenocarcinoma,LUAD,cnaPANCAN1,0,gain,"C19orf12,CCNE1,PLEKHF1,POP4,TSHZ3,UQCRFS1,URI1,VSTM2B,ZNF536"
687800,3.6618426330341753,NCI-H1650,lung,lung_NSCLC_adenocarcinoma,LUAD,cnaPANCAN1,0,gain,"C19orf12,CCNE1,PLEKHF1,POP4,TSHZ3,UQCRFS1,URI1,VSTM2B,ZNF536"
687804,3.2592822344774106,NCI-H1770,lung,lung_NSCLC_not_specified,UNCLASSIFIED,cnaPANCAN1,0,gain,"C19orf12,CCNE1,PLEKHF1,POP4,TSHZ3,UQCRFS1,URI1,VSTM2B,ZNF536"
687807,2.3228375905977003,NCI-H1838,lung,lung_NSCLC_adenocarcinoma,LUAD,cnaPANCAN1,0,gain,"C19orf12,CCNE1,PLEKHF1,POP4,TSHZ3,UQCRFS1,URI1,VSTM2B,ZNF536"
687983,3.920006219883109,DMS-114,lung,lung_small_cell_carcinoma,SCLC,cnaPANCAN1,0,gain,"C19orf12,CCNE1,PLEKHF1,POP4,TSHZ3,UQCRFS1,URI1,VSTM2B,ZNF536"
687997,3.681495791070291,NCI-H1092,lung,lung_small_cell_carcinoma,SCLC,cnaPANCAN1,0,gain,"C19orf12,CCNE1,PLEKHF1,POP4,TSHZ3,UQCRFS1,URI1,VSTM2B,ZNF536"
688006,3.295288347143211,NCI-H1694,lung,lung_small_cell_carcinoma,SCLC,cnaPANCAN1,0,gain,"C19orf12,CCNE1,PLEKHF1,POP4,TSHZ3,UQCRFS1,URI1,VSTM2B,ZNF536"
688007,3.416401491959288,NCI-H187,lung,lung_small_cell_carcinoma,SCLC,cnaPANCAN1,0,gain,"C19orf12,CCNE1,PLEKHF1,POP4,TSHZ3,UQCRFS1,URI1,VSTM2B,ZNF536"
688010,2.762583058383347,NCI-H1963,lung,lung_small_cell_carcinoma,SCLC,cnaPANCAN1,0,gain,"C19orf12,CCNE1,PLEKHF1,POP4,TSHZ3,UQCRFS1,URI1,VSTM2B,ZNF536"
688013,1.7021099169447331,NCI-H209,lung,lung_small_cell_carcinoma,SCLC,cnaPANCAN344,0,gain,"AC008271.1,DDX1,FAM49A,FAM84A,MYCN,NBAS"
688014,3.154961065622385,NCI-H2141,lung,lung_small_cell_carcinoma,SCLC,cnaPANCAN1,0,gain,"C19orf12,CCNE1,PLEKHF1,POP4,TSHZ3,UQCRFS1,URI1,VSTM2B,ZNF536"
688015,2.623065431865293,NCI-H2171,lung,lung_small_cell_carcinoma,SCLC,cnaPANCAN1,0,gain,"C19orf12,CCNE1,PLEKHF1,POP4,TSHZ3,UQCRFS1,URI1,VSTM2B,ZNF536"
688018,3.4467352897519694,NCI-H2227,lung,lung_small_cell_carcinoma,SCLC,cnaPANCAN1,1,gain,"C19orf12,CCNE1,PLEKHF1,POP4,TSHZ3,UQCRFS1,URI1,VSTM2B,ZNF536"
688021,4.170068012420428,NCI-H345,lung,lung_small_cell_carcinoma,SCLC,cnaPANCAN1,0,gain,"C19orf12,CCNE1,PLEKHF1,POP4,TSHZ3,UQCRFS1,URI1,VSTM2B,ZNF536"
688023,3.047965312722241,NCI-H446,lung,lung_small_cell_carcinoma,SCLC,cnaPANCAN109,0,gain,"CAPNS2,CES1,CES5A,IRX5,IRX6,LPCAT2,MMP2,SLC6A2"
688025,2.726716581395355,NCI-H526,lung,lung_small_cell_carcinoma,SCLC,cnaPANCAN190,0,gain,"ADD1,C4orf48,CRIPAK,CTBP1,DOK7,FAM193A,FAM53A,FGFR3,GRK4,HAUS3,HGFAC,HTT,LETM1,MAEA,MFSD10,MSANTD1,MXD4,NAT8L,NELFA,NKX1-1,NOP14,POLN,RGS12,RNF212,RNF4,RP11-503N18.3,SH3BP2,SLBP,SPON2,TACC3,TMEM129,TNIP2,UVSSA,WHSC1,ZFYVE28"
688026,2.6256228531169614,NCI-H64,lung,lung_small_cell_carcinoma,SCLC,cnaPANCAN1,0,gain,"C19orf12,CCNE1,PLEKHF1,POP4,TSHZ3,UQCRFS1,URI1,VSTM2B,ZNF536"
688027,3.9776165448253673,NCI-H69,lung,lung_small_cell_carcinoma,SCLC,cnaPANCAN183,0,loss,IQGAP2
688031,1.8441674122741916,NCI-H82,lung,lung_small_cell_carcinoma,SCLC,cnaPANCAN1,0,gain,"C19orf12,CCNE1,PLEKHF1,POP4,TSHZ3,UQCRFS1,URI1,VSTM2B,ZNF536"
688086,3.106335685043798,SK-N-DZ,nervous_system,neuroblastoma,NB,cnaPANCAN1,0,gain,"C19orf12,CCNE1,PLEKHF1,POP4,TSHZ3,UQCRFS1,URI1,VSTM2B,ZNF536"
688087,3.115614802732723,SK-N-FI,nervous_system,neuroblastoma,NB,cnaPANCAN1,0,gain,"C19orf12,CCNE1,PLEKHF1,POP4,TSHZ3,UQCRFS1,URI1,VSTM2B,ZNF536"
688121,3.0536954316327343,VA-ES-BJ,soft_tissue,soft_tissue_other,UNCLASSIFIED,cnaPANCAN1,0,gain,"C19orf12,CCNE1,PLEKHF1,POP4,TSHZ3,UQCRFS1,URI1,VSTM2B,ZNF536"
713878,3.690722439949786,LU-139,lung,lung_small_cell_carcinoma,SCLC,cnaPANCAN1,0,gain,"C19orf12,CCNE1,PLEKHF1,POP4,TSHZ3,UQCRFS1,URI1,VSTM2B,ZNF536"
713885,3.4080670510901725,SBC-1,lung,lung_small_cell_carcinoma,SCLC,cnaPANCAN1,0,gain,"C19orf12,CCNE1,PLEKHF1,POP4,TSHZ3,UQCRFS1,URI1,VSTM2B,ZNF536"
724859,3.009074594022343,Calu-6,lung,lung_NSCLC_adenocarcinoma,LUAD,cnaPANCAN1,0,gain,"C19orf12,CCNE1,PLEKHF1,POP4,TSHZ3,UQCRFS1,URI1,VSTM2B,ZNF536"
724863,2.8183447201831333,LU-65,lung,lung_NSCLC_large_cell,UNCLASSIFIED,cnaPANCAN27,0,gain,"ACBD7,ADARB2,AKR1C1,AKR1C2,AKR1C3,AKR1C4,AKR1CL1,AKR1E2,ANKRD16,ARL5B,ASB13,ATP5C1,BEND7,C10orf111,C1QL3,CACNB2,CALML3,CALML5,CAMK1D,CCDC3,CDC123,CDNF,CELF2,CUBN,DCLRE1C,DHTKD1,DIP2C,ECHDC3,FAM107B,FAM171A1,FAM188A,FAM208B,FBXO18,FRMD4A,GATA3,GDI2,GTPBP4,HSPA14,IDI1,IDI2,IL15RA,IL2RA,ITGA8,ITIH2,ITIH5,KIN,KLF6,LARP4B,MCM10,MEIG1,MRC1,MRC1L1,NET1,NMT2,NSUN6,NUDT5,OLAH,OPTN,PFKFB3,PFKP,PHYH,PITRM1,PRKCQ,PROSER2,PRPF18,PRR26,PTER,PTPLA,RBM17,RP11-139J15.7,RP11-295P9.3,RPP38,RSU1,SEC61A2,SEPHS1,SFMBT2,SLC39A12,ST8SIA6,STAM,SUV39H2,TAF3,TMEM236,TMEM236,TRDMT1,TUBAL3,UCMA,UCN3,UPF2,USP6NL,VIM,WDR37"
724866,0.9547699265445606,NCI-H1355,lung,lung_NSCLC_adenocarcinoma,LUAD,cnaPANCAN1,0,gain,"C19orf12,CCNE1,PLEKHF1,POP4,TSHZ3,UQCRFS1,URI1,VSTM2B,ZNF536"
724872,2.9173696034960077,SHP-77,lung,lung_small_cell_carcinoma,SCLC,cnaPANCAN1,0,gain,"C19orf12,CCNE1,PLEKHF1,POP4,TSHZ3,UQCRFS1,URI1,VSTM2B,ZNF536"
735784,0.5602941395493476,TE-5,aero_digestive_tract,oesophagus,ESCA,cnaPANCAN1,0,gain,"C19orf12,CCNE1,PLEKHF1,POP4,TSHZ3,UQCRFS1,URI1,VSTM2B,ZNF536"
749711,2.9580642825351995,HCC1187,breast,breast,BRCA,cnaPANCAN1,0,gain,"C19orf12,CCNE1,PLEKHF1,POP4,TSHZ3,UQCRFS1,URI1,VSTM2B,ZNF536"
749713,2.7897145768371026,HCC1599,breast,breast,BRCA,cnaPANCAN1,1,gain,"C19orf12,CCNE1,PLEKHF1,POP4,TSHZ3,UQCRFS1,URI1,VSTM2B,ZNF536"
749715,1.4176846954482818,HCC2157,breast,breast,BRCA,cnaPANCAN1,0,gain,"C19orf12,CCNE1,PLEKHF1,POP4,TSHZ3,UQCRFS1,URI1,VSTM2B,ZNF536"
749716,3.5635445925211986,HCC2218,breast,breast,BRCA,cnaPANCAN242,0,gain,"CEP70,ESYT3,FAIM,PIK3CB"
753531,-1.852698909249037,BB30-HNC,aero_digestive_tract,head_and_neck,HNSC,cnaPANCAN1,0,gain,"C19orf12,CCNE1,PLEKHF1,POP4,TSHZ3,UQCRFS1,URI1,VSTM2B,ZNF536"
753532,3.7661249596948654,BB49-HNC,aero_digestive_tract,head_and_neck,HNSC,cnaPANCAN274,0,gain,"APOA1BP,BCAN,BGLAP,C1orf61,C1orf85,CCT3,CRABP2,GPATCH4,HAPLN2,HDGF,INSRR,IQGAP3,ISG20L2,LMNA,MEF2D,MEX3A,MRPL24,NES,NTRK1,PAQR6,PMF1,PMF1-BGLAP,PRCC,RHBG,RRNAD1,SEMA4A,SH2D2A,SLC25A44,SMG5,TMEM79,TSACC,TTC24,VHLL"
753546,1.7701559428419824,CP66-MEL,skin,melanoma,SKCM,cnaPANCAN1,0,gain,"C19orf12,CCNE1,PLEKHF1,POP4,TSHZ3,UQCRFS1,URI1,VSTM2B,ZNF536"
753547,2.526419955647112,CPC-N,lung,lung_small_cell_carcinoma,SCLC,cnaPANCAN1,0,gain,"C19orf12,CCNE1,PLEKHF1,POP4,TSHZ3,UQCRFS1,URI1,VSTM2B,ZNF536"
753548,2.511541714411498,CTV-1,blood,acute_myeloid_leukaemia,LAML,cnaPANCAN1,0,gain,"C19orf12,CCNE1,PLEKHF1,POP4,TSHZ3,UQCRFS1,URI1,VSTM2B,ZNF536"
753549,1.91644641291442,D-542MG,nervous_system,glioma,GBM,cnaPANCAN1,0,gain,"C19orf12,CCNE1,PLEKHF1,POP4,TSHZ3,UQCRFS1,URI1,VSTM2B,ZNF536"
753551,2.223222980641195,DMS-79,lung,lung_small_cell_carcinoma,SCLC,cnaPANCAN1,0,gain,"C19orf12,CCNE1,PLEKHF1,POP4,TSHZ3,UQCRFS1,URI1,VSTM2B,ZNF536"
753552,2.155991477967302,DSH1,urogenital_system,bladder,BLCA,cnaPANCAN1,1,gain,"C19orf12,CCNE1,PLEKHF1,POP4,TSHZ3,UQCRFS1,URI1,VSTM2B,ZNF536"
753555,2.4224858603195427,EC-GI-10,aero_digestive_tract,oesophagus,ESCA,cnaPANCAN1,0,gain,"C19orf12,CCNE1,PLEKHF1,POP4,TSHZ3,UQCRFS1,URI1,VSTM2B,ZNF536"
753558,3.41552884917355,HA7-RCC,kidney,kidney,KIRC,cnaPANCAN1,0,gain,"C19orf12,CCNE1,PLEKHF1,POP4,TSHZ3,UQCRFS1,URI1,VSTM2B,ZNF536"
753563,2.7653564709892438,IM-9,blood,myeloma,MM,cnaPANCAN1,0,gain,"C19orf12,CCNE1,PLEKHF1,POP4,TSHZ3,UQCRFS1,URI1,VSTM2B,ZNF536"
753564,3.018707948991721,IST-SL1,lung,lung_small_cell_carcinoma,SCLC,cnaPANCAN1,0,gain,"C19orf12,CCNE1,PLEKHF1,POP4,TSHZ3,UQCRFS1,URI1,VSTM2B,ZNF536"
753565,3.871600312082399,IST-SL2,lung,lung_small_cell_carcinoma,SCLC,cnaPANCAN1,0,gain,"C19orf12,CCNE1,PLEKHF1,POP4,TSHZ3,UQCRFS1,URI1,VSTM2B,ZNF536"
753577,1.0659332981976934,LB1047-RCC,kidney,kidney,KIRC,cnaPANCAN1,0,gain,"C19orf12,CCNE1,PLEKHF1,POP4,TSHZ3,UQCRFS1,URI1,VSTM2B,ZNF536"
753578,-0.02815614235019764,LB2241-RCC,kidney,kidney,KIRC,cnaPANCAN1,0,gain,"C19orf12,CCNE1,PLEKHF1,POP4,TSHZ3,UQCRFS1,URI1,VSTM2B,ZNF536"
753579,1.7573416157400517,LB2518-MEL,skin,melanoma,SKCM,cnaPANCAN1,0,gain,"C19orf12,CCNE1,PLEKHF1,POP4,TSHZ3,UQCRFS1,URI1,VSTM2B,ZNF536"
753581,1.639827807722045,LB373-MEL-D,skin,melanoma,SKCM,cnaPANCAN1,0,gain,"C19orf12,CCNE1,PLEKHF1,POP4,TSHZ3,UQCRFS1,URI1,VSTM2B,ZNF536"
753582,2.130574156528055,LB647-SCLC,lung,lung_small_cell_carcinoma,SCLC,cnaPANCAN1,0,gain,"C19orf12,CCNE1,PLEKHF1,POP4,TSHZ3,UQCRFS1,URI1,VSTM2B,ZNF536"
753583,1.3692286544609231,LB771-HNC,aero_digestive_tract,head_and_neck,HNSC,cnaPANCAN1,0,gain,"C19orf12,CCNE1,PLEKHF1,POP4,TSHZ3,UQCRFS1,URI1,VSTM2B,ZNF536"
753584,2.1514029926896376,LB831-BLC,urogenital_system,bladder,BLCA,cnaPANCAN154,0,loss,AK8
753585,-1.8020772702234695,LB996-RCC,kidney,kidney,KIRC,cnaPANCAN1,0,gain,"C19orf12,CCNE1,PLEKHF1,POP4,TSHZ3,UQCRFS1,URI1,VSTM2B,ZNF536"
753588,4.019631219018868,LU-134-A,lung,lung_small_cell_carcinoma,SCLC,cnaPANCAN1,0,gain,"C19orf12,CCNE1,PLEKHF1,POP4,TSHZ3,UQCRFS1,URI1,VSTM2B,ZNF536"
753589,4.1902495305515055,LU-165,lung,lung_small_cell_carcinoma,SCLC,cnaPANCAN1,0,gain,"C19orf12,CCNE1,PLEKHF1,POP4,TSHZ3,UQCRFS1,URI1,VSTM2B,ZNF536"
753592,1.7969005502245958,LXF-289,lung,lung_NSCLC_adenocarcinoma,LUAD,cnaPANCAN1,0,gain,"C19orf12,CCNE1,PLEKHF1,POP4,TSHZ3,UQCRFS1,URI1,VSTM2B,ZNF536"
753594,1.816630015375417,MS-1,lung,lung_small_cell_carcinoma,SCLC,cnaPANCAN1,0,gain,"C19orf12,CCNE1,PLEKHF1,POP4,TSHZ3,UQCRFS1,URI1,VSTM2B,ZNF536"
753595,1.791801889091023,MZ1-PC,pancreas,pancreas,PAAD,cnaPANCAN1,0,gain,"C19orf12,CCNE1,PLEKHF1,POP4,TSHZ3,UQCRFS1,URI1,VSTM2B,ZNF536"
753596,3.506116933180988,MZ7-mel,skin,melanoma,SKCM,cnaPANCAN1,0,gain,"C19orf12,CCNE1,PLEKHF1,POP4,TSHZ3,UQCRFS1,URI1,VSTM2B,ZNF536"
753597,4.670882001415404,NCI-H128,lung,lung_small_cell_carcinoma,SCLC,cnaPANCAN1,0,gain,"C19orf12,CCNE1,PLEKHF1,POP4,TSHZ3,UQCRFS1,URI1,VSTM2B,ZNF536"
753599,3.217351558798754,NCI-H1304,lung,lung_small_cell_carcinoma,SCLC,cnaPANCAN1,0,gain,"C19orf12,CCNE1,PLEKHF1,POP4,TSHZ3,UQCRFS1,URI1,VSTM2B,ZNF536"
753605,3.432654543609825,NCI-H510A,lung,lung_small_cell_carcinoma,SCLC,cnaPANCAN1,0,gain,"C19orf12,CCNE1,PLEKHF1,POP4,TSHZ3,UQCRFS1,URI1,VSTM2B,ZNF536"
753612,3.775020365588146,SK-MM-2,blood,myeloma,MM,cnaPANCAN1,0,gain,"C19orf12,CCNE1,PLEKHF1,POP4,TSHZ3,UQCRFS1,URI1,VSTM2B,ZNF536"
753614,0.9776222965978296,TE-15,aero_digestive_tract,oesophagus,ESCA,cnaPANCAN1,0,gain,"C19orf12,CCNE1,PLEKHF1,POP4,TSHZ3,UQCRFS1,URI1,VSTM2B,ZNF536"
753615,3.0342339870281894,U-266,blood,myeloma,MM,cnaPANCAN1,0,gain,"C19orf12,CCNE1,PLEKHF1,POP4,TSHZ3,UQCRFS1,URI1,VSTM2B,ZNF536"
753616,2.1765877656965897,BE2-M17,nervous_system,neuroblastoma,NB,cnaPANCAN1,0,gain,"C19orf12,CCNE1,PLEKHF1,POP4,TSHZ3,UQCRFS1,URI1,VSTM2B,ZNF536"
753618,2.961309603398592,KELLY,nervous_system,neuroblastoma,NB,cnaPANCAN1,0,gain,"C19orf12,CCNE1,PLEKHF1,POP4,TSHZ3,UQCRFS1,URI1,VSTM2B,ZNF536"
753620,3.3810875516777927,SIMA,nervous_system,neuroblastoma,NB,cnaPANCAN1,0,gain,"C19orf12,CCNE1,PLEKHF1,POP4,TSHZ3,UQCRFS1,URI1,VSTM2B,ZNF536"
753621,-1.3954832274578233,TE-1,aero_digestive_tract,oesophagus,ESCA,cnaPANCAN254,0,loss,DUSP7
753622,1.3054356519196149,TE-10,aero_digestive_tract,oesophagus,ESCA,cnaPANCAN1,0,gain,"C19orf12,CCNE1,PLEKHF1,POP4,TSHZ3,UQCRFS1,URI1,VSTM2B,ZNF536"
753623,1.8411642039929597,TE-8,aero_digestive_tract,oesophagus,ESCA,cnaPANCAN1,0,gain,"C19orf12,CCNE1,PLEKHF1,POP4,TSHZ3,UQCRFS1,URI1,VSTM2B,ZNF536"
905938,3.349040922359736,HL-60,blood,acute_myeloid_leukaemia,LAML,cnaPANCAN1,0,gain,"C19orf12,CCNE1,PLEKHF1,POP4,TSHZ3,UQCRFS1,URI1,VSTM2B,ZNF536"
905940,2.660183098028207,K-562,blood,chronic_myeloid_leukaemia,LCML,cnaPANCAN1,0,gain,"C19orf12,CCNE1,PLEKHF1,POP4,TSHZ3,UQCRFS1,URI1,VSTM2B,ZNF536"
905941,3.0163523707737263,NCI-H226,lung,lung_NSCLC_squamous_cell_carcinoma,LUSC,cnaPANCAN1,0,gain,"C19orf12,CCNE1,PLEKHF1,POP4,TSHZ3,UQCRFS1,URI1,VSTM2B,ZNF536"
905942,3.145253815402625,NCI-H23,lung,lung_NSCLC_adenocarcinoma,LUAD,cnaPANCAN416,0,loss,SLC24A5
905952,2.725596251035964,CCRF-CEM,blood,lymphoblastic_leukemia,ALL,cnaPANCAN1,0,gain,"C19orf12,CCNE1,PLEKHF1,POP4,TSHZ3,UQCRFS1,URI1,VSTM2B,ZNF536"
905955,3.3940008387842564,SK-MEL-2,skin,melanoma,SKCM,cnaPANCAN1,0,gain,"C19orf12,CCNE1,PLEKHF1,POP4,TSHZ3,UQCRFS1,URI1,VSTM2B,ZNF536"
905958,2.3637400577834664,MOLT-4,blood,lymphoblastic_leukemia,ALL,cnaPANCAN1,0,gain,"C19orf12,CCNE1,PLEKHF1,POP4,TSHZ3,UQCRFS1,URI1,VSTM2B,ZNF536"
905964,2.901395320402218,RPMI-8226,blood,myeloma,MM,cnaPANCAN1,0,gain,"C19orf12,CCNE1,PLEKHF1,POP4,TSHZ3,UQCRFS1,URI1,VSTM2B,ZNF536"
905965,2.6178930049032827,SR,blood,lymphoid_neoplasm_other,UNCLASSIFIED,cnaPANCAN1,0,gain,"C19orf12,CCNE1,PLEKHF1,POP4,TSHZ3,UQCRFS1,URI1,VSTM2B,ZNF536"
905967,1.134468066946297,NCI-H322M,lung,lung_NSCLC_adenocarcinoma,LUAD,cnaPANCAN1,0,gain,"C19orf12,CCNE1,PLEKHF1,POP4,TSHZ3,UQCRFS1,URI1,VSTM2B,ZNF536"
905970,-1.0973183569122458,EKVX,lung,lung_NSCLC_adenocarcinoma,LUAD,cnaPANCAN1,0,gain,"C19orf12,CCNE1,PLEKHF1,POP4,TSHZ3,UQCRFS1,URI1,VSTM2B,ZNF536"
905971,3.106912024849799,HCC2998,digestive_system,large_intestine,COREAD,cnaPANCAN1,0,gain,"C19orf12,CCNE1,PLEKHF1,POP4,TSHZ3,UQCRFS1,URI1,VSTM2B,ZNF536"
905972,2.7543277922952325,HOP-62,lung,lung_NSCLC_adenocarcinoma,LUAD,cnaPANCAN1,0,gain,"C19orf12,CCNE1,PLEKHF1,POP4,TSHZ3,UQCRFS1,URI1,VSTM2B,ZNF536"
905974,3.297854110623944,LOXIMVI,skin,melanoma,SKCM,cnaPANCAN1,0,gain,"C19orf12,CCNE1,PLEKHF1,POP4,TSHZ3,UQCRFS1,URI1,VSTM2B,ZNF536"
905977,3.1289736509688044,UACC-257,skin,melanoma,SKCM,cnaPANCAN1,0,gain,"C19orf12,CCNE1,PLEKHF1,POP4,TSHZ3,UQCRFS1,URI1,VSTM2B,ZNF536"
905978,2.2586886471286576,RXF393,kidney,kidney,KIRC,cnaPANCAN1,0,gain,"C19orf12,CCNE1,PLEKHF1,POP4,TSHZ3,UQCRFS1,URI1,VSTM2B,ZNF536"
905980,-0.27348822081303903,TK10,kidney,kidney,KIRC,cnaPANCAN1,0,gain,"C19orf12,CCNE1,PLEKHF1,POP4,TSHZ3,UQCRFS1,URI1,VSTM2B,ZNF536"
905982,3.992278282492988,SNB75,nervous_system,glioma,GBM,cnaPANCAN1,0,gain,"C19orf12,CCNE1,PLEKHF1,POP4,TSHZ3,UQCRFS1,URI1,VSTM2B,ZNF536"
905984,2.4700388828087685,SF539,nervous_system,glioma,LGG,cnaPANCAN1,0,gain,"C19orf12,CCNE1,PLEKHF1,POP4,TSHZ3,UQCRFS1,URI1,VSTM2B,ZNF536"
905986,3.437310439109128,SF268,nervous_system,glioma,GBM,cnaPANCAN1,0,gain,"C19orf12,CCNE1,PLEKHF1,POP4,TSHZ3,UQCRFS1,URI1,VSTM2B,ZNF536"
905989,2.7895179153843963,KM12,digestive_system,large_intestine,COREAD,cnaPANCAN1,0,gain,"C19orf12,CCNE1,PLEKHF1,POP4,TSHZ3,UQCRFS1,URI1,VSTM2B,ZNF536"
905990,1.1628832863779568,OVCAR-4,urogenital_system,ovary,OV,cnaPANCAN1,1,gain,"C19orf12,CCNE1,PLEKHF1,POP4,TSHZ3,UQCRFS1,URI1,VSTM2B,ZNF536"
906746,1.371545397234336,Becker,nervous_system,glioma,GBM,cnaPANCAN355,0,loss,LRRTM4
906763,2.5985185115387543,BE-13,blood,lymphoblastic_leukemia,ALL,cnaPANCAN1,0,gain,"C19orf12,CCNE1,PLEKHF1,POP4,TSHZ3,UQCRFS1,URI1,VSTM2B,ZNF536"
906765,2.841269395733484,ARH-77,blood,myeloma,MM,cnaPANCAN1,0,gain,"C19orf12,CCNE1,PLEKHF1,POP4,TSHZ3,UQCRFS1,URI1,VSTM2B,ZNF536"
906794,0.16426964640384206,A253,aero_digestive_tract,head_and_neck,UNCLASSIFIED,cnaPANCAN357,0,loss,"ACVR2A,MBD5,ORC4"
906800,0.7428391511993677,697,blood,lymphoblastic_leukemia,UNCLASSIFIED,cnaPANCAN1,0,gain,"C19orf12,CCNE1,PLEKHF1,POP4,TSHZ3,UQCRFS1,URI1,VSTM2B,ZNF536"
906808,4.01987310795511,COR-L88,lung,lung_small_cell_carcinoma,SCLC,cnaPANCAN1,1,gain,"C19orf12,CCNE1,PLEKHF1,POP4,TSHZ3,UQCRFS1,URI1,VSTM2B,ZNF536"
906812,3.6920340330497066,COLO-824,breast,breast,BRCA,cnaPANCAN1,0,gain,"C19orf12,CCNE1,PLEKHF1,POP4,TSHZ3,UQCRFS1,URI1,VSTM2B,ZNF536"
906813,3.0698290430734705,COLO-800,skin,melanoma,SKCM,cnaPANCAN1,0,gain,"C19orf12,CCNE1,PLEKHF1,POP4,TSHZ3,UQCRFS1,URI1,VSTM2B,ZNF536"
906831,2.3430658427237967,Daudi,blood,Burkitt_lymphoma,UNCLASSIFIED,cnaPANCAN1,0,gain,"C19orf12,CCNE1,PLEKHF1,POP4,TSHZ3,UQCRFS1,URI1,VSTM2B,ZNF536"
906832,3.1573594291648743,DB,blood,B_cell_lymphoma,DLBC,cnaPANCAN420,0,loss,FAM63B
906834,2.5931379101284717,D-283MED,nervous_system,medulloblastoma,MB,cnaPANCAN1,0,gain,"C19orf12,CCNE1,PLEKHF1,POP4,TSHZ3,UQCRFS1,URI1,VSTM2B,ZNF536"
906836,2.564269726722899,DEL,blood,lymphoid_neoplasm_other,UNCLASSIFIED,cnaPANCAN1,0,gain,"C19orf12,CCNE1,PLEKHF1,POP4,TSHZ3,UQCRFS1,URI1,VSTM2B,ZNF536"
906838,3.339268742074954,DG-75,blood,Burkitt_lymphoma,UNCLASSIFIED,cnaPANCAN1,0,gain,"C19orf12,CCNE1,PLEKHF1,POP4,TSHZ3,UQCRFS1,URI1,VSTM2B,ZNF536"
906841,1.0378028699143116,DJM-1,skin,skin_other,UNCLASSIFIED,cnaPANCAN1,0,gain,"C19orf12,CCNE1,PLEKHF1,POP4,TSHZ3,UQCRFS1,URI1,VSTM2B,ZNF536"
906842,1.5543536113981538,DOHH-2,blood,B_cell_lymphoma,DLBC,cnaPANCAN1,0,gain,"C19orf12,CCNE1,PLEKHF1,POP4,TSHZ3,UQCRFS1,URI1,VSTM2B,ZNF536"
906844,2.922697602406296,DU-4475,breast,breast,BRCA,cnaPANCAN1,0,gain,"C19orf12,CCNE1,PLEKHF1,POP4,TSHZ3,UQCRFS1,URI1,VSTM2B,ZNF536"
906846,2.6958978751356257,EB2,blood,Burkitt_lymphoma,UNCLASSIFIED,cnaPANCAN1,0,gain,"C19orf12,CCNE1,PLEKHF1,POP4,TSHZ3,UQCRFS1,URI1,VSTM2B,ZNF536"
906847,3.297632693697975,EB-3,blood,Burkitt_lymphoma,UNCLASSIFIED,cnaPANCAN1,0,gain,"C19orf12,CCNE1,PLEKHF1,POP4,TSHZ3,UQCRFS1,URI1,VSTM2B,ZNF536"
906849,-2.2720849558330785,ECC12,digestive_system,stomach,UNCLASSIFIED,cnaPANCAN1,0,gain,"C19orf12,CCNE1,PLEKHF1,POP4,TSHZ3,UQCRFS1,URI1,VSTM2B,ZNF536"
906854,3.979469289341325,EHEB,blood,lymphoid_neoplasm_other,CLL,cnaPANCAN1,0,gain,"C19orf12,CCNE1,PLEKHF1,POP4,TSHZ3,UQCRFS1,URI1,VSTM2B,ZNF536"
906855,3.1265982057498745,EM-2,blood,chronic_myeloid_leukaemia,LCML,cnaPANCAN1,0,gain,"C19orf12,CCNE1,PLEKHF1,POP4,TSHZ3,UQCRFS1,URI1,VSTM2B,ZNF536"
906856,2.735890787145717,EoL-1-cell,blood,haematopoietic_neoplasm_other,UNCLASSIFIED,cnaPANCAN1,0,gain,"C19orf12,CCNE1,PLEKHF1,POP4,TSHZ3,UQCRFS1,URI1,VSTM2B,ZNF536"
906861,1.14829460250169,ETK-1,digestive_system,biliary_tract,UNCLASSIFIED,cnaPANCAN1,0,gain,"C19orf12,CCNE1,PLEKHF1,POP4,TSHZ3,UQCRFS1,URI1,VSTM2B,ZNF536"
906862,2.8147665026125006,EVSA-T,breast,breast,BRCA,cnaPANCAN1,0,gain,"C19orf12,CCNE1,PLEKHF1,POP4,TSHZ3,UQCRFS1,URI1,VSTM2B,ZNF536"
906869,-0.03704709507344316,GCIY,digestive_system,stomach,STAD,cnaPANCAN1,0,gain,"C19orf12,CCNE1,PLEKHF1,POP4,TSHZ3,UQCRFS1,URI1,VSTM2B,ZNF536"
906870,3.7092342616051743,GDM-1,blood,acute_myeloid_leukaemia,LAML,cnaPANCAN1,0,gain,"C19orf12,CCNE1,PLEKHF1,POP4,TSHZ3,UQCRFS1,URI1,VSTM2B,ZNF536"
906871,2.8153138848312325,GI-1,nervous_system,glioma,LGG,cnaPANCAN1,0,gain,"C19orf12,CCNE1,PLEKHF1,POP4,TSHZ3,UQCRFS1,URI1,VSTM2B,ZNF536"
906872,2.487020456821798,GI-ME-N,nervous_system,neuroblastoma,NB,cnaPANCAN1,0,gain,"C19orf12,CCNE1,PLEKHF1,POP4,TSHZ3,UQCRFS1,URI1,VSTM2B,ZNF536"
906875,3.911062382140844,GOTO,nervous_system,neuroblastoma,NB,cnaPANCAN1,0,gain,"C19orf12,CCNE1,PLEKHF1,POP4,TSHZ3,UQCRFS1,URI1,VSTM2B,ZNF536"
906877,3.7730276668904046,GR-ST,blood,lymphoblastic_leukemia,ALL,cnaPANCAN1,0,gain,"C19orf12,CCNE1,PLEKHF1,POP4,TSHZ3,UQCRFS1,URI1,VSTM2B,ZNF536"
907043,1.9226779339511273,H9,blood,lymphoid_neoplasm_other,UNCLASSIFIED,cnaPANCAN1,0,gain,"C19orf12,CCNE1,PLEKHF1,POP4,TSHZ3,UQCRFS1,URI1,VSTM2B,ZNF536"
907044,1.7895459924960282,HC-1,blood,hairy_cell_leukaemia,UNCLASSIFIED,cnaPANCAN1,0,gain,"C19orf12,CCNE1,PLEKHF1,POP4,TSHZ3,UQCRFS1,URI1,VSTM2B,ZNF536"
907053,0.8311915851665292,HEL,blood,acute_myeloid_leukaemia,LAML,cnaPANCAN1,0,gain,"C19orf12,CCNE1,PLEKHF1,POP4,TSHZ3,UQCRFS1,URI1,VSTM2B,ZNF536"
907056,3.772209654019119,HH,blood,T_cell_leukemia,UNCLASSIFIED,cnaPANCAN1,0,gain,"C19orf12,CCNE1,PLEKHF1,POP4,TSHZ3,UQCRFS1,URI1,VSTM2B,ZNF536"
907063,3.1070338014639405,HT,blood,B_cell_lymphoma,DLBC,cnaPANCAN1,0,gain,"C19orf12,CCNE1,PLEKHF1,POP4,TSHZ3,UQCRFS1,URI1,VSTM2B,ZNF536"
907067,2.6291612211807567,HT-144,skin,melanoma,SKCM,cnaPANCAN1,0,gain,"C19orf12,CCNE1,PLEKHF1,POP4,TSHZ3,UQCRFS1,URI1,VSTM2B,ZNF536"
907073,2.420359492160522,HuTu-80,digestive_system,digestive_system_other,UNCLASSIFIED,cnaPANCAN1,0,gain,"C19orf12,CCNE1,PLEKHF1,POP4,TSHZ3,UQCRFS1,URI1,VSTM2B,ZNF536"
907170,2.6523655401790687,IMR-5,nervous_system,neuroblastoma,NB,cnaPANCAN137,0,loss,"AASS,ARF5,ASB15,CADPS2,CPED1,FAM3C,FEZF1,FSCN3,GCC1,GPR37,GRM8,HYAL4,ING3,IQUB,KCND2,LMOD2,LRRC4,NDUFA5,PAX4,POT1,PTPRZ1,RNF133,RNF148,SLC13A1,SND1,SPAM1,TAS2R16,TMEM229A,TSPAN12,WASL,WNT16,ZNF800"
907172,2.9632603936565527,IST-MEL1,skin,melanoma,SKCM,cnaPANCAN1,0,gain,"C19orf12,CCNE1,PLEKHF1,POP4,TSHZ3,UQCRFS1,URI1,VSTM2B,ZNF536"
907173,3.0293695416760844,IST-MES1,lung,mesothelioma,MESO,cnaPANCAN1,0,gain,"C19orf12,CCNE1,PLEKHF1,POP4,TSHZ3,UQCRFS1,URI1,VSTM2B,ZNF536"
907175,2.0840382928599697,JAR,urogenital_system,urogenital_system_other,UNCLASSIFIED,cnaPANCAN1,0,gain,"C19orf12,CCNE1,PLEKHF1,POP4,TSHZ3,UQCRFS1,URI1,VSTM2B,ZNF536"
907268,2.625070488411126,JiyoyeP-2003,blood,Burkitt_lymphoma,UNCLASSIFIED,cnaPANCAN1,0,gain,"C19orf12,CCNE1,PLEKHF1,POP4,TSHZ3,UQCRFS1,URI1,VSTM2B,ZNF536"
907269,4.278203739076074,JVM-2,blood,lymphoid_neoplasm_other,CLL,cnaPANCAN212,0,gain,"AARS2,ABCC10,APOBEC2,BYSL,C6orf132,C6orf223,C6orf226,CAPN11,CCND3,CDC5L,CLIC5,CNPY3,CRIP3,CUL7,CUL9,DLK2,DNPH1,FOXP4,FRS3,GLTSCR1L,GNMT,GTPBP2,GUCA1A,GUCA1B,HSP90AB1,KLC4,KLHDC3,LRFN2,LRRC73,MAD2L1BP,MDFI,MEA1,MED20,MRPL14,MRPL2,MRPS10,MRPS18A,NCR2,NFKBIE,NFYA,OARD1,PEX6,PGC,POLH,POLR1C,PPP2R5D,PRICKLE4,PRPH2,PTCRA,PTK7,RP1-139D8.6,RP11-444E17.6,RPL7L1,RRP36,RSPH9,RUNX2,SLC22A7,SLC29A1,SLC35B2,SPATS1,SRF,SUPT3H,TAF8,TBCC,TCTE1,TFEB,TJAP1,TMEM151B,TMEM63B,TOMM6,TREM1,TREM2,TREML1,TREML2,TREML4,TRERF1,TSPO2,TTBK1,UBR2,UNC5CL,USP49,VEGFA,XPO5,YIPF3,ZNF318"
907270,3.6743514933797146,JVM-3,blood,lymphoid_neoplasm_other,CLL,cnaPANCAN1,0,gain,"C19orf12,CCNE1,PLEKHF1,POP4,TSHZ3,UQCRFS1,URI1,VSTM2B,ZNF536"
907271,2.207775843951597,KALS-1,nervous_system,glioma,LGG,cnaPANCAN1,0,gain,"C19orf12,CCNE1,PLEKHF1,POP4,TSHZ3,UQCRFS1,URI1,VSTM2B,ZNF536"
907272,2.5456237175351335,KARPAS-45,blood,lymphoblastic_leukemia,ALL,cnaPANCAN1,0,gain,"C19orf12,CCNE1,PLEKHF1,POP4,TSHZ3,UQCRFS1,URI1,VSTM2B,ZNF536"
907273,2.8925738622977204,KARPAS-299,blood,anaplastic_large_cell_lymphoma,UNCLASSIFIED,cnaPANCAN1,0,gain,"C19orf12,CCNE1,PLEKHF1,POP4,TSHZ3,UQCRFS1,URI1,VSTM2B,ZNF536"
907274,3.3932799359643018,KARPAS-422,blood,B_cell_lymphoma,DLBC,cnaPANCAN1,0,gain,"C19orf12,CCNE1,PLEKHF1,POP4,TSHZ3,UQCRFS1,URI1,VSTM2B,ZNF536"
907275,3.121727893698891,KASUMI-1,blood,acute_myeloid_leukaemia,LAML,cnaPANCAN1,0,gain,"C19orf12,CCNE1,PLEKHF1,POP4,TSHZ3,UQCRFS1,URI1,VSTM2B,ZNF536"
907277,1.9669748056364529,KE-37,blood,lymphoblastic_leukemia,ALL,cnaPANCAN1,0,gain,"C19orf12,CCNE1,PLEKHF1,POP4,TSHZ3,UQCRFS1,URI1,VSTM2B,ZNF536"
907278,2.721676973457579,KG-1,blood,acute_myeloid_leukaemia,LAML,cnaPANCAN1,0,gain,"C19orf12,CCNE1,PLEKHF1,POP4,TSHZ3,UQCRFS1,URI1,VSTM2B,ZNF536"
907279,3.446348061689583,KINGS-1,nervous_system,glioma,LGG,cnaPANCAN1,0,gain,"C19orf12,CCNE1,PLEKHF1,POP4,TSHZ3,UQCRFS1,URI1,VSTM2B,ZNF536"
907280,2.87326971922228,KMOE-2,blood,acute_myeloid_leukaemia,LAML,cnaPANCAN1,1,gain,"C19orf12,CCNE1,PLEKHF1,POP4,TSHZ3,UQCRFS1,URI1,VSTM2B,ZNF536"
907282,2.232216786251263,KNS-42,nervous_system,glioma,LGG,cnaPANCAN1,0,gain,"C19orf12,CCNE1,PLEKHF1,POP4,TSHZ3,UQCRFS1,URI1,VSTM2B,ZNF536"
907290,3.7528117637247047,H-EMC-SS,bone,chondrosarcoma,UNCLASSIFIED,cnaPANCAN1,0,gain,"C19orf12,CCNE1,PLEKHF1,POP4,TSHZ3,UQCRFS1,URI1,VSTM2B,ZNF536"
907300,3.1714174012808343,KY821,blood,leukemia,LAML,cnaPANCAN1,0,gain,"C19orf12,CCNE1,PLEKHF1,POP4,TSHZ3,UQCRFS1,URI1,VSTM2B,ZNF536"
907311,2.9170451318267414,KU812,blood,chronic_myeloid_leukaemia,LCML,cnaPANCAN1,0,gain,"C19orf12,CCNE1,PLEKHF1,POP4,TSHZ3,UQCRFS1,URI1,VSTM2B,ZNF536"
907313,0.7938137853676216,KS-1,nervous_system,glioma,GBM,cnaPANCAN387,0,loss,PDS5B
907314,1.2238788746458031,KP-N-YN,nervous_system,neuroblastoma,NB,cnaPANCAN1,0,gain,"C19orf12,CCNE1,PLEKHF1,POP4,TSHZ3,UQCRFS1,URI1,VSTM2B,ZNF536"
907322,3.0648060721618435,L-428,blood,Hodgkin_lymphoma,UNCLASSIFIED,cnaPANCAN1,0,gain,"C19orf12,CCNE1,PLEKHF1,POP4,TSHZ3,UQCRFS1,URI1,VSTM2B,ZNF536"
907323,2.3835729368514595,L-540,blood,Hodgkin_lymphoma,UNCLASSIFIED,cnaPANCAN1,0,gain,"C19orf12,CCNE1,PLEKHF1,POP4,TSHZ3,UQCRFS1,URI1,VSTM2B,ZNF536"
907783,2.169231142840093,LAMA-84,blood,chronic_myeloid_leukaemia,LCML,cnaPANCAN1,0,gain,"C19orf12,CCNE1,PLEKHF1,POP4,TSHZ3,UQCRFS1,URI1,VSTM2B,ZNF536"
907786,1.1677323992425943,LC-2-ad,lung,lung_NSCLC_adenocarcinoma,LUAD,cnaPANCAN1,0,gain,"C19orf12,CCNE1,PLEKHF1,POP4,TSHZ3,UQCRFS1,URI1,VSTM2B,ZNF536"
907787,3.4978662851603226,LC4-1,blood,lymphoblastic_leukemia,ALL,cnaPANCAN1,0,gain,"C19orf12,CCNE1,PLEKHF1,POP4,TSHZ3,UQCRFS1,URI1,VSTM2B,ZNF536"
907788,3.527491316782028,LNCaP-Clone-FGC,urogenital_system,prostate,PRAD,cnaPANCAN1,0,gain,"C19orf12,CCNE1,PLEKHF1,POP4,TSHZ3,UQCRFS1,URI1,VSTM2B,ZNF536"
907789,2.059573828628475,LOUCY,blood,lymphoblastic_T_cell_leukaemia,ALL,cnaPANCAN269,0,gain,"BMP8A,BMP8B,CAP1,CCDC30,CITED4,COL9A2,CTPS1,EDN2,EXO5,FOXJ3,FOXO6,GUCA2A,GUCA2B,HEYL,HIVEP3,HPCAL4,KCNQ4,KIAA0754,MACF1,MFSD2A,MYCL,NDUFS5,NFYC,NT5C1A,OXCT2,PABPC4,PPCS,PPIE,PPT1,RIMKLA,RIMS3,RLF,SCMH1,SLFNL1,SMAP2,TMCO2,TRIT1,ZFP69,ZFP69B,ZMPSTE24,ZMYND12,ZNF684"
907791,2.4763511805986536,LP-1,blood,myeloma,MM,cnaPANCAN1,0,gain,"C19orf12,CCNE1,PLEKHF1,POP4,TSHZ3,UQCRFS1,URI1,VSTM2B,ZNF536"
907792,1.5949960200753412,LS-123,digestive_system,large_intestine,COREAD,cnaPANCAN1,0,gain,"C19orf12,CCNE1,PLEKHF1,POP4,TSHZ3,UQCRFS1,URI1,VSTM2B,ZNF536"
907794,3.099678446685519,LS-411N,digestive_system,large_intestine,COREAD,cnaPANCAN1,0,gain,"C19orf12,CCNE1,PLEKHF1,POP4,TSHZ3,UQCRFS1,URI1,VSTM2B,ZNF536"
907795,0.8964438888458005,LS-513,digestive_system,large_intestine,COREAD,cnaPANCAN1,0,gain,"C19orf12,CCNE1,PLEKHF1,POP4,TSHZ3,UQCRFS1,URI1,VSTM2B,ZNF536"
907799,0.8923156873386813,MC116,blood,B_cell_lymphoma,DLBC,cnaPANCAN194,0,loss,FGFR3
908126,2.634086372685247,MEG-01,blood,chronic_myeloid_leukaemia,LCML,cnaPANCAN1,0,gain,"C19orf12,CCNE1,PLEKHF1,POP4,TSHZ3,UQCRFS1,URI1,VSTM2B,ZNF536"
908135,3.698025411455327,MHH-NB-11,nervous_system,neuroblastoma,NB,cnaPANCAN1,0,gain,"C19orf12,CCNE1,PLEKHF1,POP4,TSHZ3,UQCRFS1,URI1,VSTM2B,ZNF536"
908136,2.847862719000452,MHH-PREB-1,blood,B_cell_leukemia,UNCLASSIFIED,cnaPANCAN1,0,gain,"C19orf12,CCNE1,PLEKHF1,POP4,TSHZ3,UQCRFS1,URI1,VSTM2B,ZNF536"
908141,2.7983718187072566,ML-2,blood,acute_myeloid_leukaemia,LAML,cnaPANCAN1,0,gain,"C19orf12,CCNE1,PLEKHF1,POP4,TSHZ3,UQCRFS1,URI1,VSTM2B,ZNF536"
908142,3.194435862088632,MLMA,blood,hairy_cell_leukaemia,UNCLASSIFIED,cnaPANCAN1,0,gain,"C19orf12,CCNE1,PLEKHF1,POP4,TSHZ3,UQCRFS1,URI1,VSTM2B,ZNF536"
908143,3.8690479953058494,MN-60,blood,B_cell_leukemia,UNCLASSIFIED,cnaPANCAN1,0,gain,"C19orf12,CCNE1,PLEKHF1,POP4,TSHZ3,UQCRFS1,URI1,VSTM2B,ZNF536"
908147,0.6081310620996493,MOLT-16,blood,lymphoblastic_T_cell_leukaemia,ALL,cnaPANCAN1,0,gain,"C19orf12,CCNE1,PLEKHF1,POP4,TSHZ3,UQCRFS1,URI1,VSTM2B,ZNF536"
908148,2.260489079917304,MONO-MAC-6,blood,acute_myeloid_leukaemia,LAML,cnaPANCAN69,0,loss,KCNJ11
908149,3.6381494340093328,Mo-T,blood,hairy_cell_leukaemia,UNCLASSIFIED,cnaPANCAN1,0,gain,"C19orf12,CCNE1,PLEKHF1,POP4,TSHZ3,UQCRFS1,URI1,VSTM2B,ZNF536"
908150,1.248652831020199,MPP-89,lung,mesothelioma,MESO,cnaPANCAN1,0,gain,"C19orf12,CCNE1,PLEKHF1,POP4,TSHZ3,UQCRFS1,URI1,VSTM2B,ZNF536"
908151,3.650585974550281,MRK-nu-1,breast,breast,BRCA,cnaPANCAN1,0,gain,"C19orf12,CCNE1,PLEKHF1,POP4,TSHZ3,UQCRFS1,URI1,VSTM2B,ZNF536"
908152,2.8960466832163703,MSTO-211H,lung,mesothelioma,MESO,cnaPANCAN1,0,gain,"C19orf12,CCNE1,PLEKHF1,POP4,TSHZ3,UQCRFS1,URI1,VSTM2B,ZNF536"
908156,1.2346891019545452,MV-4-11,blood,leukemia,UNCLASSIFIED,cnaPANCAN127,0,gain,"AKAP9,ANKIB1,BET1,CALCR,CASD1,CCDC132,CDK14,CDK6,CLDN12,COL1A2,CYP51A1,ERVW-1,FAM133B,FZD1,GATAD1,GNG11,GNGT1,GTPBP10,HEPACAM2,KRIT1,LRRD1,MTERF,PEG10,PEX1,PPP1R9A,RBM48,SAMD9,SAMD9L,SGCE,TFPI2"
908158,2.5363034030205616,NALM-6,blood,B_cell_leukemia,UNCLASSIFIED,cnaPANCAN1,0,gain,"C19orf12,CCNE1,PLEKHF1,POP4,TSHZ3,UQCRFS1,URI1,VSTM2B,ZNF536"
908159,2.3016335709513287,NAMALWA,blood,Burkitt_lymphoma,UNCLASSIFIED,cnaPANCAN1,0,gain,"C19orf12,CCNE1,PLEKHF1,POP4,TSHZ3,UQCRFS1,URI1,VSTM2B,ZNF536"
908440,2.072297334292603,NB69,nervous_system,neuroblastoma,NB,cnaPANCAN1,0,gain,"C19orf12,CCNE1,PLEKHF1,POP4,TSHZ3,UQCRFS1,URI1,VSTM2B,ZNF536"
908441,1.659053319327551,NCCIT,urogenital_system,testis,,cnaPANCAN1,0,gain,"C19orf12,CCNE1,PLEKHF1,POP4,TSHZ3,UQCRFS1,URI1,VSTM2B,ZNF536"
908444,2.6124924809264045,SNU-1,digestive_system,stomach,STAD,cnaPANCAN1,0,gain,"C19orf12,CCNE1,PLEKHF1,POP4,TSHZ3,UQCRFS1,URI1,VSTM2B,ZNF536"
908445,3.699552634999502,SNU-5,digestive_system,stomach,STAD,cnaPANCAN1,0,gain,"C19orf12,CCNE1,PLEKHF1,POP4,TSHZ3,UQCRFS1,URI1,VSTM2B,ZNF536"
908446,2.433349979005118,SNU-16,digestive_system,stomach,STAD,cnaPANCAN1,0,gain,"C19orf12,CCNE1,PLEKHF1,POP4,TSHZ3,UQCRFS1,URI1,VSTM2B,ZNF536"
908447,3.447765213667971,NH-12,nervous_system,neuroblastoma,NB,cnaPANCAN1,0,gain,"C19orf12,CCNE1,PLEKHF1,POP4,TSHZ3,UQCRFS1,URI1,VSTM2B,ZNF536"
908448,3.2930428190523773,NKM-1,blood,acute_myeloid_leukaemia,LAML,cnaPANCAN1,0,gain,"C19orf12,CCNE1,PLEKHF1,POP4,TSHZ3,UQCRFS1,URI1,VSTM2B,ZNF536"
908449,1.0126781602205892,NMC-G1,nervous_system,glioma,LGG,cnaPANCAN1,0,gain,"C19orf12,CCNE1,PLEKHF1,POP4,TSHZ3,UQCRFS1,URI1,VSTM2B,ZNF536"
908450,1.8515182007277171,no-11,nervous_system,glioma,LGG,cnaPANCAN1,0,gain,"C19orf12,CCNE1,PLEKHF1,POP4,TSHZ3,UQCRFS1,URI1,VSTM2B,ZNF536"
908451,3.651593321599704,NOMO-1,blood,acute_myeloid_leukaemia,LAML,cnaPANCAN1,0,gain,"C19orf12,CCNE1,PLEKHF1,POP4,TSHZ3,UQCRFS1,URI1,VSTM2B,ZNF536"
908452,3.314642180796058,no-10,nervous_system,glioma,LGG,cnaPANCAN1,0,gain,"C19orf12,CCNE1,PLEKHF1,POP4,TSHZ3,UQCRFS1,URI1,VSTM2B,ZNF536"
908454,2.714867470829988,NTERA-2-cl-D1,urogenital_system,testis,UNCLASSIFIED,cnaPANCAN1,0,gain,"C19orf12,CCNE1,PLEKHF1,POP4,TSHZ3,UQCRFS1,URI1,VSTM2B,ZNF536"
908457,1.2353134999322792,NCI-H747,digestive_system,large_intestine,COREAD,cnaPANCAN1,0,gain,"C19orf12,CCNE1,PLEKHF1,POP4,TSHZ3,UQCRFS1,URI1,VSTM2B,ZNF536"
908458,3.59235316963166,NCI-H716,digestive_system,large_intestine,COREAD,cnaPANCAN1,0,gain,"C19orf12,CCNE1,PLEKHF1,POP4,TSHZ3,UQCRFS1,URI1,VSTM2B,ZNF536"
908467,2.920011524078727,NCI-H1155,lung,lung_NSCLC_large_cell,UNCLASSIFIED,cnaPANCAN1,0,gain,"C19orf12,CCNE1,PLEKHF1,POP4,TSHZ3,UQCRFS1,URI1,VSTM2B,ZNF536"
908469,3.7158979489971378,NCI-H1436,lung,lung_small_cell_carcinoma,SCLC,cnaPANCAN1,0,gain,"C19orf12,CCNE1,PLEKHF1,POP4,TSHZ3,UQCRFS1,URI1,VSTM2B,ZNF536"
908471,2.474444261869925,NCI-H1581,lung,lung_NSCLC_large_cell,UNCLASSIFIED,cnaPANCAN1,0,gain,"C19orf12,CCNE1,PLEKHF1,POP4,TSHZ3,UQCRFS1,URI1,VSTM2B,ZNF536"
908473,3.762673574922655,NCI-H1666,lung,lung_NSCLC_adenocarcinoma,LUAD,cnaPANCAN1,0,gain,"C19orf12,CCNE1,PLEKHF1,POP4,TSHZ3,UQCRFS1,URI1,VSTM2B,ZNF536"
908480,3.5702820875315875,NCI-H2081,lung,lung_small_cell_carcinoma,SCLC,cnaPANCAN1,0,gain,"C19orf12,CCNE1,PLEKHF1,POP4,TSHZ3,UQCRFS1,URI1,VSTM2B,ZNF536"
908481,3.4076112202357103,NCI-H2196,lung,lung_small_cell_carcinoma,SCLC,cnaPANCAN1,0,gain,"C19orf12,CCNE1,PLEKHF1,POP4,TSHZ3,UQCRFS1,URI1,VSTM2B,ZNF536"
908483,2.9375254640026345,NCI-H524,lung,lung_small_cell_carcinoma,SCLC,cnaPANCAN1,0,gain,"C19orf12,CCNE1,PLEKHF1,POP4,TSHZ3,UQCRFS1,URI1,VSTM2B,ZNF536"
909194,3.6812186052733593,NCI-H748,lung,lung_small_cell_carcinoma,SCLC,cnaPANCAN1,0,gain,"C19orf12,CCNE1,PLEKHF1,POP4,TSHZ3,UQCRFS1,URI1,VSTM2B,ZNF536"
909248,2.4543953836381016,ONS-76,nervous_system,medulloblastoma,MB,cnaPANCAN1,0,gain,"C19orf12,CCNE1,PLEKHF1,POP4,TSHZ3,UQCRFS1,URI1,VSTM2B,ZNF536"
909249,2.673353394606947,OPM-2,blood,myeloma,MM,cnaPANCAN1,0,gain,"C19orf12,CCNE1,PLEKHF1,POP4,TSHZ3,UQCRFS1,URI1,VSTM2B,ZNF536"
909250,-0.3671390878856388,OS-RC-2,kidney,kidney,KIRC,cnaPANCAN1,0,gain,"C19orf12,CCNE1,PLEKHF1,POP4,TSHZ3,UQCRFS1,URI1,VSTM2B,ZNF536"
909252,2.510093051292082,P30-OHK,blood,lymphoblastic_leukemia,ALL,cnaPANCAN1,0,gain,"C19orf12,CCNE1,PLEKHF1,POP4,TSHZ3,UQCRFS1,URI1,VSTM2B,ZNF536"
909253,2.5505355648613377,P31-FUJ,blood,acute_myeloid_leukaemia,LAML,cnaPANCAN1,0,gain,"C19orf12,CCNE1,PLEKHF1,POP4,TSHZ3,UQCRFS1,URI1,VSTM2B,ZNF536"
909256,2.707549033894161,OCUB-M,breast,breast,BRCA,cnaPANCAN1,0,gain,"C19orf12,CCNE1,PLEKHF1,POP4,TSHZ3,UQCRFS1,URI1,VSTM2B,ZNF536"
909260,2.189295722823287,PF-382,blood,lymphoblastic_T_cell_leukaemia,ALL,cnaPANCAN1,0,gain,"C19orf12,CCNE1,PLEKHF1,POP4,TSHZ3,UQCRFS1,URI1,VSTM2B,ZNF536"
909262,3.1212704975240384,Raji,blood,Burkitt_lymphoma,UNCLASSIFIED,cnaPANCAN1,0,gain,"C19orf12,CCNE1,PLEKHF1,POP4,TSHZ3,UQCRFS1,URI1,VSTM2B,ZNF536"
909696,2.8063336233433795,REH,blood,B_cell_leukemia,UNCLASSIFIED,cnaPANCAN1,0,gain,"C19orf12,CCNE1,PLEKHF1,POP4,TSHZ3,UQCRFS1,URI1,VSTM2B,ZNF536"
909697,3.295401555327921,RF-48,digestive_system,stomach,STAD,cnaPANCAN1,0,gain,"C19orf12,CCNE1,PLEKHF1,POP4,TSHZ3,UQCRFS1,URI1,VSTM2B,ZNF536"
909698,2.905757787240006,RKO,digestive_system,large_intestine,COREAD,cnaPANCAN1,0,gain,"C19orf12,CCNE1,PLEKHF1,POP4,TSHZ3,UQCRFS1,URI1,VSTM2B,ZNF536"
909701,3.04947180052992,RPMI-6666,blood,Hodgkin_lymphoma,UNCLASSIFIED,cnaPANCAN1,0,gain,"C19orf12,CCNE1,PLEKHF1,POP4,TSHZ3,UQCRFS1,URI1,VSTM2B,ZNF536"
909702,2.428781410028236,RPMI-8402,blood,lymphoblastic_T_cell_leukaemia,ALL,cnaPANCAN1,0,gain,"C19orf12,CCNE1,PLEKHF1,POP4,TSHZ3,UQCRFS1,URI1,VSTM2B,ZNF536"
909703,2.60773503145431,RS4-11,blood,leukemia,ALL,cnaPANCAN1,0,gain,"C19orf12,CCNE1,PLEKHF1,POP4,TSHZ3,UQCRFS1,URI1,VSTM2B,ZNF536"
909711,2.596949861619412,SCH,digestive_system,stomach,UNCLASSIFIED,cnaPANCAN1,0,gain,"C19orf12,CCNE1,PLEKHF1,POP4,TSHZ3,UQCRFS1,URI1,VSTM2B,ZNF536"
909712,2.7153711270001484,SF126,nervous_system,glioma,GBM,cnaPANCAN1,0,gain,"C19orf12,CCNE1,PLEKHF1,POP4,TSHZ3,UQCRFS1,URI1,VSTM2B,ZNF536"
909713,3.79703720966372,SH-4,skin,melanoma,SKCM,cnaPANCAN1,0,gain,"C19orf12,CCNE1,PLEKHF1,POP4,TSHZ3,UQCRFS1,URI1,VSTM2B,ZNF536"
909715,1.6706848304138475,SIG-M5,blood,acute_myeloid_leukaemia,LAML,cnaPANCAN1,0,gain,"C19orf12,CCNE1,PLEKHF1,POP4,TSHZ3,UQCRFS1,URI1,VSTM2B,ZNF536"
909717,2.3018228234538025,SJSA-1,bone,bone_other,UNCLASSIFIED,cnaPANCAN1,0,gain,"C19orf12,CCNE1,PLEKHF1,POP4,TSHZ3,UQCRFS1,URI1,VSTM2B,ZNF536"
909720,3.303839219356114,SK-LMS-1,soft_tissue,soft_tissue_other,UNCLASSIFIED,cnaPANCAN1,0,gain,"C19orf12,CCNE1,PLEKHF1,POP4,TSHZ3,UQCRFS1,URI1,VSTM2B,ZNF536"
909722,3.117767454720669,SKM-1,blood,haematopoietic_neoplasm_other,UNCLASSIFIED,cnaPANCAN1,1,gain,"C19orf12,CCNE1,PLEKHF1,POP4,TSHZ3,UQCRFS1,URI1,VSTM2B,ZNF536"
909723,3.782413946135116,SK-MEL-1,skin,melanoma,SKCM,cnaPANCAN1,0,gain,"C19orf12,CCNE1,PLEKHF1,POP4,TSHZ3,UQCRFS1,URI1,VSTM2B,ZNF536"
909731,2.292484222409704,SK-PN-DW,bone,ewings_sarcoma,UNCLASSIFIED,cnaPANCAN1,0,gain,"C19orf12,CCNE1,PLEKHF1,POP4,TSHZ3,UQCRFS1,URI1,VSTM2B,ZNF536"
909732,2.2933683695346425,SK-UT-1,soft_tissue,soft_tissue_other,UNCLASSIFIED,cnaPANCAN1,0,gain,"C19orf12,CCNE1,PLEKHF1,POP4,TSHZ3,UQCRFS1,URI1,VSTM2B,ZNF536"
909742,2.302572938709253,SU-DHL-1,blood,anaplastic_large_cell_lymphoma,UNCLASSIFIED,cnaPANCAN1,0,gain,"C19orf12,CCNE1,PLEKHF1,POP4,TSHZ3,UQCRFS1,URI1,VSTM2B,ZNF536"
909743,3.123419355490332,SUP-T1,blood,lymphoblastic_T_cell_leukaemia,ALL,cnaPANCAN1,0,gain,"C19orf12,CCNE1,PLEKHF1,POP4,TSHZ3,UQCRFS1,URI1,VSTM2B,ZNF536"
909754,4.132079675035916,SW684,soft_tissue,fibrosarcoma,UNCLASSIFIED,cnaPANCAN1,0,gain,"C19orf12,CCNE1,PLEKHF1,POP4,TSHZ3,UQCRFS1,URI1,VSTM2B,ZNF536"
909756,2.554196958508641,SW872,soft_tissue,soft_tissue_other,UNCLASSIFIED,cnaPANCAN1,0,gain,"C19orf12,CCNE1,PLEKHF1,POP4,TSHZ3,UQCRFS1,URI1,VSTM2B,ZNF536"
909758,0.9312108036380448,SW962,urogenital_system,urogenital_system_other,UNCLASSIFIED,cnaPANCAN1,0,gain,"C19orf12,CCNE1,PLEKHF1,POP4,TSHZ3,UQCRFS1,URI1,VSTM2B,ZNF536"
909769,3.3410175083425537,TGBC1TKB,digestive_system,biliary_tract,UNCLASSIFIED,cnaPANCAN1,0,gain,"C19orf12,CCNE1,PLEKHF1,POP4,TSHZ3,UQCRFS1,URI1,VSTM2B,ZNF536"
909771,2.8898330129391008,THP-1,blood,acute_myeloid_leukaemia,LAML,cnaPANCAN1,0,gain,"C19orf12,CCNE1,PLEKHF1,POP4,TSHZ3,UQCRFS1,URI1,VSTM2B,ZNF536"
909773,2.884396161752114,TUR,blood,B_cell_lymphoma,DLBC,cnaPANCAN1,0,gain,"C19orf12,CCNE1,PLEKHF1,POP4,TSHZ3,UQCRFS1,URI1,VSTM2B,ZNF536"
909777,1.7329432061658303,U-698-M,blood,B_cell_leukemia,UNCLASSIFIED,cnaPANCAN1,0,gain,"C19orf12,CCNE1,PLEKHF1,POP4,TSHZ3,UQCRFS1,URI1,VSTM2B,ZNF536"
909785,2.6099866933125337,WSU-NHL,blood,lymphoid_neoplasm_other,UNCLASSIFIED,cnaPANCAN118,0,loss,"AC010547.9,AP1G1,ATXN1L,C16orf47,CALB2,CHST4,CMTR2,DHODH,DHX38,HP,HPR,HYDIN,IST1,MARVELD3,PHLPP2,PMFBP1,TAT,TXNL4B,ZFHX3,ZNF19,ZNF23,ZNF821"
909974,1.944185578075865,RCC10RGB,kidney,kidney,KIRC,cnaPANCAN1,0,gain,"C19orf12,CCNE1,PLEKHF1,POP4,TSHZ3,UQCRFS1,URI1,VSTM2B,ZNF536"
909975,2.638026284677447,KURAMOCHI,urogenital_system,ovary,UNCLASSIFIED,cnaPANCAN1,0,gain,"C19orf12,CCNE1,PLEKHF1,POP4,TSHZ3,UQCRFS1,URI1,VSTM2B,ZNF536"
909976,2.468788998813414,KM-H2,blood,Hodgkin_lymphoma,UNCLASSIFIED,cnaPANCAN1,0,gain,"C19orf12,CCNE1,PLEKHF1,POP4,TSHZ3,UQCRFS1,URI1,VSTM2B,ZNF536"
910401,2.724371929187004,Ramos-2G6-4C10,blood,Burkitt_lymphoma,UNCLASSIFIED,cnaPANCAN203,0,loss,HNRNPD
910544,3.127704723419793,RPMI-8866,blood,chronic_myeloid_leukaemia,LCML,cnaPANCAN1,0,gain,"C19orf12,CCNE1,PLEKHF1,POP4,TSHZ3,UQCRFS1,URI1,VSTM2B,ZNF536"
910545,2.095729492031078,QIMR-WIL,blood,acute_myeloid_leukaemia,LAML,cnaPANCAN1,0,gain,"C19orf12,CCNE1,PLEKHF1,POP4,TSHZ3,UQCRFS1,URI1,VSTM2B,ZNF536"
910546,2.9005450209164683,PSN1,pancreas,pancreas,PAAD,cnaPANCAN81,0,loss,ROBO3
910554,3.901946144508021,CW-2,digestive_system,large_intestine,COREAD,cnaPANCAN1,0,gain,"C19orf12,CCNE1,PLEKHF1,POP4,TSHZ3,UQCRFS1,URI1,VSTM2B,ZNF536"
910567,2.9632791036103727,CHP-126,nervous_system,neuroblastoma,NB,cnaPANCAN359,0,loss,"CUL3,FAM124B"
910568,2.924835520113441,CGTH-W-1,thyroid,thyroid,THCA,cnaPANCAN1,0,gain,"C19orf12,CCNE1,PLEKHF1,POP4,TSHZ3,UQCRFS1,URI1,VSTM2B,ZNF536"
910569,3.2282161823172504,COLO-320-HSR,digestive_system,large_intestine,COREAD,cnaPANCAN1,0,gain,"C19orf12,CCNE1,PLEKHF1,POP4,TSHZ3,UQCRFS1,URI1,VSTM2B,ZNF536"
910687,2.6444253083717775,ATN-1,blood,lymphoblastic_T_cell_leukaemia,ALL,cnaPANCAN1,0,gain,"C19orf12,CCNE1,PLEKHF1,POP4,TSHZ3,UQCRFS1,URI1,VSTM2B,ZNF536"
910688,3.0158550919422447,CESS,blood,acute_myeloid_leukaemia,LAML,cnaPANCAN1,0,gain,"C19orf12,CCNE1,PLEKHF1,POP4,TSHZ3,UQCRFS1,URI1,VSTM2B,ZNF536"
910691,3.550914777762052,COLO-684,urogenital_system,endometrium,UCEC,cnaPANCAN1,0,gain,"C19orf12,CCNE1,PLEKHF1,POP4,TSHZ3,UQCRFS1,URI1,VSTM2B,ZNF536"
910692,2.6248349655463725,COLO-668,lung,lung_small_cell_carcinoma,SCLC,cnaPANCAN1,0,gain,"C19orf12,CCNE1,PLEKHF1,POP4,TSHZ3,UQCRFS1,URI1,VSTM2B,ZNF536"
910697,-0.08040701021767326,A388,skin,skin_other,UNCLASSIFIED,cnaPANCAN1,0,gain,"C19orf12,CCNE1,PLEKHF1,POP4,TSHZ3,UQCRFS1,URI1,VSTM2B,ZNF536"
910700,2.08425048115246,C2BBe1,digestive_system,large_intestine,COREAD,cnaPANCAN1,0,gain,"C19orf12,CCNE1,PLEKHF1,POP4,TSHZ3,UQCRFS1,URI1,VSTM2B,ZNF536"
910703,2.9777354941026326,CA46,blood,Burkitt_lymphoma,UNCLASSIFIED,cnaPANCAN1,0,gain,"C19orf12,CCNE1,PLEKHF1,POP4,TSHZ3,UQCRFS1,URI1,VSTM2B,ZNF536"
910705,3.2237974309286175,BALL-1,blood,B_cell_leukemia,UNCLASSIFIED,cnaPANCAN1,0,gain,"C19orf12,CCNE1,PLEKHF1,POP4,TSHZ3,UQCRFS1,URI1,VSTM2B,ZNF536"
910706,1.1380943356974056,BL-41,blood,Burkitt_lymphoma,UNCLASSIFIED,cnaPANCAN1,0,gain,"C19orf12,CCNE1,PLEKHF1,POP4,TSHZ3,UQCRFS1,URI1,VSTM2B,ZNF536"
910710,1.5700955615015646,BV-173,blood,chronic_myeloid_leukaemia,LCML,cnaPANCAN1,0,gain,"C19orf12,CCNE1,PLEKHF1,POP4,TSHZ3,UQCRFS1,URI1,VSTM2B,ZNF536"
910780,2.8138676936856486,TGW,nervous_system,neuroblastoma,NB,cnaPANCAN12,0,loss,PPP5C
910861,3.195777298635563,RL,blood,B_cell_lymphoma,DLBC,cnaPANCAN27,0,gain,"ACBD7,ADARB2,AKR1C1,AKR1C2,AKR1C3,AKR1C4,AKR1CL1,AKR1E2,ANKRD16,ARL5B,ASB13,ATP5C1,BEND7,C10orf111,C1QL3,CACNB2,CALML3,CALML5,CAMK1D,CCDC3,CDC123,CDNF,CELF2,CUBN,DCLRE1C,DHTKD1,DIP2C,ECHDC3,FAM107B,FAM171A1,FAM188A,FAM208B,FBXO18,FRMD4A,GATA3,GDI2,GTPBP4,HSPA14,IDI1,IDI2,IL15RA,IL2RA,ITGA8,ITIH2,ITIH5,KIN,KLF6,LARP4B,MCM10,MEIG1,MRC1,MRC1L1,NET1,NMT2,NSUN6,NUDT5,OLAH,OPTN,PFKFB3,PFKP,PHYH,PITRM1,PRKCQ,PROSER2,PRPF18,PRR26,PTER,PTPLA,RBM17,RP11-139J15.7,RP11-295P9.3,RPP38,RSU1,SEC61A2,SEPHS1,SFMBT2,SLC39A12,ST8SIA6,STAM,SUV39H2,TAF3,TMEM236,TMEM236,TRDMT1,TUBAL3,UCMA,UCN3,UPF2,USP6NL,VIM,WDR37"
910905,2.8349470341390344,SNU-C1,digestive_system,large_intestine,COREAD,cnaPANCAN1,0,gain,"C19orf12,CCNE1,PLEKHF1,POP4,TSHZ3,UQCRFS1,URI1,VSTM2B,ZNF536"
910906,2.9120791020613335,ST486,blood,Burkitt_lymphoma,UNCLASSIFIED,cnaPANCAN1,0,gain,"C19orf12,CCNE1,PLEKHF1,POP4,TSHZ3,UQCRFS1,URI1,VSTM2B,ZNF536"
910910,3.626634339769677,UACC-812,breast,breast,BRCA,cnaPANCAN1,0,gain,"C19orf12,CCNE1,PLEKHF1,POP4,TSHZ3,UQCRFS1,URI1,VSTM2B,ZNF536"
910911,3.602563866987577,SCC-15,aero_digestive_tract,head_and_neck,HNSC,cnaPANCAN1,0,gain,"C19orf12,CCNE1,PLEKHF1,POP4,TSHZ3,UQCRFS1,URI1,VSTM2B,ZNF536"
910918,2.5767699518618574,BC-3,blood,B_cell_lymphoma,DLBC,cnaPANCAN1,0,gain,"C19orf12,CCNE1,PLEKHF1,POP4,TSHZ3,UQCRFS1,URI1,VSTM2B,ZNF536"
910919,2.889625959481868,BC-1,blood,B_cell_lymphoma,DLBC,cnaPANCAN1,0,gain,"C19orf12,CCNE1,PLEKHF1,POP4,TSHZ3,UQCRFS1,URI1,VSTM2B,ZNF536"
910921,2.3250720401895872,A101D,skin,melanoma,SKCM,cnaPANCAN1,0,gain,"C19orf12,CCNE1,PLEKHF1,POP4,TSHZ3,UQCRFS1,URI1,VSTM2B,ZNF536"
910930,2.099841271417585,SCC-3,blood,B_cell_lymphoma,DLBC,cnaPANCAN1,0,gain,"C19orf12,CCNE1,PLEKHF1,POP4,TSHZ3,UQCRFS1,URI1,VSTM2B,ZNF536"
910933,3.3887522816550355,AM-38,nervous_system,glioma,GBM,cnaPANCAN1,0,gain,"C19orf12,CCNE1,PLEKHF1,POP4,TSHZ3,UQCRFS1,URI1,VSTM2B,ZNF536"
910934,2.6193315493082694,A4-Fuk,blood,B_cell_lymphoma,DLBC,cnaPANCAN13,0,loss,"CARD8,ZNF114"
910935,1.1106063165346678,A3-KAW,blood,B_cell_lymphoma,DLBC,cnaPANCAN1,0,gain,"C19orf12,CCNE1,PLEKHF1,POP4,TSHZ3,UQCRFS1,URI1,VSTM2B,ZNF536"
910942,2.4334811915027057,NEC8,urogenital_system,testis,UNCLASSIFIED,cnaPANCAN1,0,gain,"C19orf12,CCNE1,PLEKHF1,POP4,TSHZ3,UQCRFS1,URI1,VSTM2B,ZNF536"
910943,3.686190588145648,CAS-1,nervous_system,glioma,GBM,cnaPANCAN1,0,gain,"C19orf12,CCNE1,PLEKHF1,POP4,TSHZ3,UQCRFS1,URI1,VSTM2B,ZNF536"
910944,1.308099837180522,ALL-PO,blood,lymphoblastic_leukemia,ALL,cnaPANCAN1,0,gain,"C19orf12,CCNE1,PLEKHF1,POP4,TSHZ3,UQCRFS1,URI1,VSTM2B,ZNF536"
910947,1.9519520750996604,OCI-AML2,blood,acute_myeloid_leukaemia,LAML,cnaPANCAN1,0,gain,"C19orf12,CCNE1,PLEKHF1,POP4,TSHZ3,UQCRFS1,URI1,VSTM2B,ZNF536"
910948,3.653501079814332,MFM-223,breast,breast,BRCA,cnaPANCAN1,0,gain,"C19orf12,CCNE1,PLEKHF1,POP4,TSHZ3,UQCRFS1,URI1,VSTM2B,ZNF536"
917486,3.585336051587383,LS-1034,digestive_system,large_intestine,COREAD,cnaPANCAN1,0,gain,"C19orf12,CCNE1,PLEKHF1,POP4,TSHZ3,UQCRFS1,URI1,VSTM2B,ZNF536"
924106,2.5530222482991314,CAL-148,breast,breast,BRCA,cnaPANCAN1,0,gain,"C19orf12,CCNE1,PLEKHF1,POP4,TSHZ3,UQCRFS1,URI1,VSTM2B,ZNF536"
924110,2.8198592218977856,HDLM-2,blood,Hodgkin_lymphoma,UNCLASSIFIED,cnaPANCAN1,0,gain,"C19orf12,CCNE1,PLEKHF1,POP4,TSHZ3,UQCRFS1,URI1,VSTM2B,ZNF536"
924186,2.1816712009269468,KGN,urogenital_system,ovary,UNCLASSIFIED,cnaPANCAN1,0,gain,"C19orf12,CCNE1,PLEKHF1,POP4,TSHZ3,UQCRFS1,URI1,VSTM2B,ZNF536"
924188,3.0849348051676717,KNS-81-FD,nervous_system,glioma,LGG,cnaPANCAN1,0,gain,"C19orf12,CCNE1,PLEKHF1,POP4,TSHZ3,UQCRFS1,URI1,VSTM2B,ZNF536"
924238,3.3236133913636,K5,thyroid,thyroid,THCA,cnaPANCAN1,0,gain,"C19orf12,CCNE1,PLEKHF1,POP4,TSHZ3,UQCRFS1,URI1,VSTM2B,ZNF536"
924239,2.7506893083209865,L-363,blood,myeloma,MM,cnaPANCAN1,0,gain,"C19orf12,CCNE1,PLEKHF1,POP4,TSHZ3,UQCRFS1,URI1,VSTM2B,ZNF536"
924244,2.3048912873034357,NCI-H1975,lung,lung_NSCLC_adenocarcinoma,LUAD,cnaPANCAN1,0,gain,"C19orf12,CCNE1,PLEKHF1,POP4,TSHZ3,UQCRFS1,URI1,VSTM2B,ZNF536"
924247,1.3397379890832009,SW954,urogenital_system,urogenital_system_other,UNCLASSIFIED,cnaPANCAN1,0,gain,"C19orf12,CCNE1,PLEKHF1,POP4,TSHZ3,UQCRFS1,URI1,VSTM2B,ZNF536"
924248,2.7056775806027864,TE-441-T,soft_tissue,rhabdomyosarcoma,UNCLASSIFIED,cnaPANCAN1,0,gain,"C19orf12,CCNE1,PLEKHF1,POP4,TSHZ3,UQCRFS1,URI1,VSTM2B,ZNF536"
925339,2.654040317367702,MMAc-SF,skin,melanoma,SKCM,cnaPANCAN1,0,gain,"C19orf12,CCNE1,PLEKHF1,POP4,TSHZ3,UQCRFS1,URI1,VSTM2B,ZNF536"
925343,3.4320774252606308,MFH-ino,soft_tissue,soft_tissue_other,UNCLASSIFIED,cnaPANCAN1,0,gain,"C19orf12,CCNE1,PLEKHF1,POP4,TSHZ3,UQCRFS1,URI1,VSTM2B,ZNF536"
925345,0.05775258074441262,NOS-1,bone,osteosarcoma,UNCLASSIFIED,cnaPANCAN1,1,gain,"C19orf12,CCNE1,PLEKHF1,POP4,TSHZ3,UQCRFS1,URI1,VSTM2B,ZNF536"
930082,1.7862601942987129,RL95-2,urogenital_system,endometrium,UNCLASSIFIED,cnaPANCAN1,0,gain,"C19orf12,CCNE1,PLEKHF1,POP4,TSHZ3,UQCRFS1,URI1,VSTM2B,ZNF536"
946355,0.1834141689166062,TE-6,aero_digestive_tract,oesophagus,ESCA,cnaPANCAN1,0,gain,"C19orf12,CCNE1,PLEKHF1,POP4,TSHZ3,UQCRFS1,URI1,VSTM2B,ZNF536"
946356,-2.5960943228347464,TE-12,aero_digestive_tract,oesophagus,ESCA,cnaPANCAN1,0,gain,"C19orf12,CCNE1,PLEKHF1,POP4,TSHZ3,UQCRFS1,URI1,VSTM2B,ZNF536"
946358,2.9069346049956595,YT,blood,lymphoid_neoplasm_other,ALL,cnaPANCAN263,0,loss,"ARL13B,ARL6,CRYBG3,DHFRL1,EPHA6,MTRNR2L12,NSUN3,STX19"
946359,3.1571362922973334,BT-474,breast,breast,BRCA,cnaPANCAN46,0,loss,"ARHGAP19-SLIT1,SLIT1"
946363,3.2384116814632726,KP-N-YS,nervous_system,neuroblastoma,NB,cnaPANCAN1,0,gain,"C19orf12,CCNE1,PLEKHF1,POP4,TSHZ3,UQCRFS1,URI1,VSTM2B,ZNF536"
946367,2.2087341311633555,D-247MG,nervous_system,glioma,GBM,cnaPANCAN1,0,gain,"C19orf12,CCNE1,PLEKHF1,POP4,TSHZ3,UQCRFS1,URI1,VSTM2B,ZNF536"
946368,2.784937973610883,D-263MG,nervous_system,glioma,GBM,cnaPANCAN1,0,gain,"C19orf12,CCNE1,PLEKHF1,POP4,TSHZ3,UQCRFS1,URI1,VSTM2B,ZNF536"
946369,3.06525265519866,D-336MG,nervous_system,glioma,LGG,cnaPANCAN1,0,gain,"C19orf12,CCNE1,PLEKHF1,POP4,TSHZ3,UQCRFS1,URI1,VSTM2B,ZNF536"
946370,2.186634968365317,D-392MG,nervous_system,glioma,GBM,cnaPANCAN1,0,gain,"C19orf12,CCNE1,PLEKHF1,POP4,TSHZ3,UQCRFS1,URI1,VSTM2B,ZNF536"
946373,0.6602222348443035,D-502MG,nervous_system,glioma,LGG,cnaPANCAN1,0,gain,"C19orf12,CCNE1,PLEKHF1,POP4,TSHZ3,UQCRFS1,URI1,VSTM2B,ZNF536"
949088,2.5144647779937395,CTB-1,blood,B_cell_lymphoma,DLBC,cnaPANCAN1,0,gain,"C19orf12,CCNE1,PLEKHF1,POP4,TSHZ3,UQCRFS1,URI1,VSTM2B,ZNF536"
949153,3.2016174695102397,HAL-01,blood,lymphoblastic_leukemia,ALL,cnaPANCAN1,0,gain,"C19orf12,CCNE1,PLEKHF1,POP4,TSHZ3,UQCRFS1,URI1,VSTM2B,ZNF536"
949154,3.465472987484545,OMC-1,urogenital_system,cervix,CESC,cnaPANCAN1,0,gain,"C19orf12,CCNE1,PLEKHF1,POP4,TSHZ3,UQCRFS1,URI1,VSTM2B,ZNF536"
949155,2.5252448329651824,ES8,bone,ewings_sarcoma,UNCLASSIFIED,cnaPANCAN1,0,gain,"C19orf12,CCNE1,PLEKHF1,POP4,TSHZ3,UQCRFS1,URI1,VSTM2B,ZNF536"
949156,2.186430870341446,ES4,bone,ewings_sarcoma,UNCLASSIFIED,cnaPANCAN280,0,gain,"ABCB10,ACTA1,ACTN2,ADSS,AGT,AKT3,ARID4B,ARV1,B3GALNT2,C1orf100,C1orf101,C1orf131,C1orf198,CAPN9,CCSAP,CEP170,CHML,CHRM3,COA6,COG2,COX20,DESI2,DISC1,EDARADD,EGLN1,ERO1LB,EXO1,EXOC8,FAM89A,FH,FMN2,GALNT2,GGPS1,GNG4,GNPAT,GPR137B,GREM2,HEATR1,HNRNPU,IRF2BP2,KCNK1,KMO,LGALS8,LYST,MAP10,MAP1LC3C,MLK4,MT1HL1,MTR,MTRNR2L11,NID1,NTPCR,NUP133,OPN3,PCNXL2,PGBD5,PLD5,RAB4A,RBM34,RGS7,RYR2,SDCCAG8,SIPA1L2,SLC35F3,SPHAR,SPRTN,TAF5L,TARBP1,TBCE,TOMM20,TRIM67,TSNAX,TSNAX-DISC1,TTC13,URB2,WDR64,ZBTB18,ZP4"
949157,1.02859997106015,ES6,bone,ewings_sarcoma,UNCLASSIFIED,cnaPANCAN1,0,gain,"C19orf12,CCNE1,PLEKHF1,POP4,TSHZ3,UQCRFS1,URI1,VSTM2B,ZNF536"
949158,1.800339545093273,ES1,bone,ewings_sarcoma,UNCLASSIFIED,cnaPANCAN1,0,gain,"C19orf12,CCNE1,PLEKHF1,POP4,TSHZ3,UQCRFS1,URI1,VSTM2B,ZNF536"
949161,3.573709957016273,EW-3,bone,ewings_sarcoma,UNCLASSIFIED,cnaPANCAN1,0,gain,"C19orf12,CCNE1,PLEKHF1,POP4,TSHZ3,UQCRFS1,URI1,VSTM2B,ZNF536"
949162,5.293053722015516,EW-12,bone,ewings_sarcoma,UNCLASSIFIED,cnaPANCAN1,0,gain,"C19orf12,CCNE1,PLEKHF1,POP4,TSHZ3,UQCRFS1,URI1,VSTM2B,ZNF536"
949163,2.7680979202521807,EW-1,bone,ewings_sarcoma,UNCLASSIFIED,cnaPANCAN1,0,gain,"C19orf12,CCNE1,PLEKHF1,POP4,TSHZ3,UQCRFS1,URI1,VSTM2B,ZNF536"
949164,2.878998030023748,EW-18,bone,ewings_sarcoma,UNCLASSIFIED,cnaPANCAN377,1,loss,"AC006547.14,AC006946.15,AC008132.13,ARVCF,ATP6V1E1,BCL2L13,BID,C22orf29,C22orf39,CDC45,CECR1,CECR2,CECR5,CECR6,CLDN5,CLTCL1,COMT,DGCR14,DGCR2,DGCR6,DGCR6L,DGCR8,GAB4,GNB1L,GP1BB,GSC2,HIRA,IL17RA,MICAL3,MRPL40,PEX26,PRODH,RANBP1,RTN4R,SEPT5,SLC25A1,SLC25A18,TANGO2,TBX1,TRMT2A,TSSK2,TUBA8,TXNRD2,UFD1L,USP18,ZDHHC8"
949165,1.4528824820081443,EW-16,bone,ewings_sarcoma,UNCLASSIFIED,cnaPANCAN1,0,gain,"C19orf12,CCNE1,PLEKHF1,POP4,TSHZ3,UQCRFS1,URI1,VSTM2B,ZNF536"
949166,3.91775842180908,EW-13,bone,ewings_sarcoma,UNCLASSIFIED,cnaPANCAN1,0,gain,"C19orf12,CCNE1,PLEKHF1,POP4,TSHZ3,UQCRFS1,URI1,VSTM2B,ZNF536"
949168,-0.8189331374058344,EW-24,bone,ewings_sarcoma,UNCLASSIFIED,cnaPANCAN1,0,gain,"C19orf12,CCNE1,PLEKHF1,POP4,TSHZ3,UQCRFS1,URI1,VSTM2B,ZNF536"
949170,3.503395636765508,LAN-6,nervous_system,neuroblastoma,NB,cnaPANCAN1,0,gain,"C19orf12,CCNE1,PLEKHF1,POP4,TSHZ3,UQCRFS1,URI1,VSTM2B,ZNF536"
949171,1.7183882512439566,NB10,nervous_system,neuroblastoma,NB,cnaPANCAN1,0,gain,"C19orf12,CCNE1,PLEKHF1,POP4,TSHZ3,UQCRFS1,URI1,VSTM2B,ZNF536"
949172,3.4282548317247383,NB12,nervous_system,neuroblastoma,NB,cnaPANCAN1,0,gain,"C19orf12,CCNE1,PLEKHF1,POP4,TSHZ3,UQCRFS1,URI1,VSTM2B,ZNF536"
949173,3.383571236260941,NB6,nervous_system,neuroblastoma,NB,cnaPANCAN1,0,gain,"C19orf12,CCNE1,PLEKHF1,POP4,TSHZ3,UQCRFS1,URI1,VSTM2B,ZNF536"
949174,3.3248065250918097,NB7,nervous_system,neuroblastoma,NB,cnaPANCAN1,0,gain,"C19orf12,CCNE1,PLEKHF1,POP4,TSHZ3,UQCRFS1,URI1,VSTM2B,ZNF536"
949175,1.789746479508088,NB17,nervous_system,neuroblastoma,NB,cnaPANCAN1,0,gain,"C19orf12,CCNE1,PLEKHF1,POP4,TSHZ3,UQCRFS1,URI1,VSTM2B,ZNF536"
949176,1.9907268283294763,NB5,nervous_system,neuroblastoma,NB,cnaPANCAN1,0,gain,"C19orf12,CCNE1,PLEKHF1,POP4,TSHZ3,UQCRFS1,URI1,VSTM2B,ZNF536"
949177,2.0127935682521088,NB13,nervous_system,neuroblastoma,NB,cnaPANCAN1,0,gain,"C19orf12,CCNE1,PLEKHF1,POP4,TSHZ3,UQCRFS1,URI1,VSTM2B,ZNF536"
949178,2.9502562976939557,NB14,nervous_system,neuroblastoma,NB,cnaPANCAN1,0,gain,"C19orf12,CCNE1,PLEKHF1,POP4,TSHZ3,UQCRFS1,URI1,VSTM2B,ZNF536"
949179,2.659545321183737,NB1,nervous_system,neuroblastoma,NB,cnaPANCAN121,0,gain,"AC074389.6,AC091801.1,AC110781.3,ACTB,ADAP1,AGMO,AIMP2,AMZ1,ANKRD61,AP5Z1,ARL4A,BRAT1,C1GALT1,C7orf26,C7orf50,CARD11,CCZ1,CCZ1B,CHST12,COL28A1,COX19,CYP2W1,CYTH3,DAGLB,DGKB,EIF2AK1,EIF3B,ELFN1,ETV1,FAM220A,FBXL18,FOXK1,FSCN1,FTSJ2,GET4,GLCCI1,GNA12,GPER1,GPR146,GRID2IP,HEATR2,ICA1,INTS1,IQCE,KDELR2,LFNG,MAD1L1,MAFK,MEOX2,MICALL2,MIOS,MMD2,NDUFA4,NUDT1,NXPH1,OCM,PAPOLB,PHF14,PMS2,PRKAR1B,PSMG3,RAC1,RADIL,RBAK,RBAK-RBAKDN,RNF216,RPA3,RPA3-AS1,RSPH10B,RSPH10B2,SCIN,SDK1,SLC29A4,SNX8,SUN1,THSD7A,TMEM106B,TMEM184A,TNRC18,TTYH3,UNCX,USP42,VWDE,WIPI2,ZDHHC4,ZFAND2A,ZNF12,ZNF853"
971773,2.5474272675431733,RH-1,soft_tissue,rhabdomyosarcoma,UNCLASSIFIED,cnaPANCAN1,1,gain,"C19orf12,CCNE1,PLEKHF1,POP4,TSHZ3,UQCRFS1,URI1,VSTM2B,ZNF536"
971777,2.9628087374464056,MZ2-MEL,skin,melanoma,SKCM,cnaPANCAN1,0,gain,"C19orf12,CCNE1,PLEKHF1,POP4,TSHZ3,UQCRFS1,URI1,VSTM2B,ZNF536"
1240128,2.782629072303348,ES-2,urogenital_system,ovary,UNCLASSIFIED,cnaPANCAN1,0,gain,"C19orf12,CCNE1,PLEKHF1,POP4,TSHZ3,UQCRFS1,URI1,VSTM2B,ZNF536"
1240173,3.25282675464588,MDST8,digestive_system,large_intestine,COREAD,cnaPANCAN1,0,gain,"C19orf12,CCNE1,PLEKHF1,POP4,TSHZ3,UQCRFS1,URI1,VSTM2B,ZNF536"
1240181,3.1878794547038845,NB(TU)1-10,nervous_system,neuroblastoma,NB,cnaPANCAN1,0,gain,"C19orf12,CCNE1,PLEKHF1,POP4,TSHZ3,UQCRFS1,URI1,VSTM2B,ZNF536"
1240182,2.6225230033221214,NCI-H1836,lung,lung_small_cell_carcinoma,SCLC,cnaPANCAN1,0,gain,"C19orf12,CCNE1,PLEKHF1,POP4,TSHZ3,UQCRFS1,URI1,VSTM2B,ZNF536"
1240183,0.5193291505242233,NCI-H1869,lung,lung_NSCLC_squamous_cell_carcinoma,LUSC,cnaPANCAN1,0,gain,"C19orf12,CCNE1,PLEKHF1,POP4,TSHZ3,UQCRFS1,URI1,VSTM2B,ZNF536"
1240189,3.1759144478458903,NCI-H211,lung,lung_small_cell_carcinoma,SCLC,cnaPANCAN1,0,gain,"C19orf12,CCNE1,PLEKHF1,POP4,TSHZ3,UQCRFS1,URI1,VSTM2B,ZNF536"
1240193,2.3093817683291835,NCI-H847,lung,lung_small_cell_carcinoma,SCLC,cnaPANCAN1,0,gain,"C19orf12,CCNE1,PLEKHF1,POP4,TSHZ3,UQCRFS1,URI1,VSTM2B,ZNF536"
1240221,2.9201502838628755,TC-71,bone,ewings_sarcoma,UNCLASSIFIED,cnaPANCAN1,0,gain,"C19orf12,CCNE1,PLEKHF1,POP4,TSHZ3,UQCRFS1,URI1,VSTM2B,ZNF536"
1247871,3.181201371263472,SUP-B15,blood,lymphoblastic_leukemia,ALL,cnaPANCAN1,0,gain,"C19orf12,CCNE1,PLEKHF1,POP4,TSHZ3,UQCRFS1,URI1,VSTM2B,ZNF536"
1290455,2.910871502962042,OCI-AML3,blood,acute_myeloid_leukaemia,LAML,cnaPANCAN1,0,gain,"C19orf12,CCNE1,PLEKHF1,POP4,TSHZ3,UQCRFS1,URI1,VSTM2B,ZNF536"
1290769,3.8253221543507663,CL-11,digestive_system,large_intestine,COREAD,cnaPANCAN1,0,gain,"C19orf12,CCNE1,PLEKHF1,POP4,TSHZ3,UQCRFS1,URI1,VSTM2B,ZNF536"
1295740,1.6983650486849458,ALL-SIL,blood,T_cell_leukemia,ALL,cnaPANCAN1,0,gain,"C19orf12,CCNE1,PLEKHF1,POP4,TSHZ3,UQCRFS1,URI1,VSTM2B,ZNF536"
1295741,2.671190107912965,AMO-1,blood,haematopoietic_neoplasm_other,MM,cnaPANCAN1,0,gain,"C19orf12,CCNE1,PLEKHF1,POP4,TSHZ3,UQCRFS1,URI1,VSTM2B,ZNF536"
1297439,3.6700891243560623,COR-L95,lung,lung_small_cell_carcinoma,SCLC,cnaPANCAN1,0,gain,"C19orf12,CCNE1,PLEKHF1,POP4,TSHZ3,UQCRFS1,URI1,VSTM2B,ZNF536"
1297446,2.725538278494605,DND-41,blood,T_cell_leukemia,ALL,cnaPANCAN1,0,gain,"C19orf12,CCNE1,PLEKHF1,POP4,TSHZ3,UQCRFS1,URI1,VSTM2B,ZNF536"
1297447,2.656123377094899,EJM,blood,lymphoid_neoplasm_other,MM,cnaPANCAN1,0,gain,"C19orf12,CCNE1,PLEKHF1,POP4,TSHZ3,UQCRFS1,URI1,VSTM2B,ZNF536"
1297449,2.359972353550128,Farage,blood,B_cell_lymphoma,DLBC,cnaPANCAN1,0,gain,"C19orf12,CCNE1,PLEKHF1,POP4,TSHZ3,UQCRFS1,URI1,VSTM2B,ZNF536"
1298352,3.347323176604624,NCI-H2135,lung,lung_NSCLC_not_specified,UNCLASSIFIED,cnaPANCAN1,0,gain,"C19orf12,CCNE1,PLEKHF1,POP4,TSHZ3,UQCRFS1,URI1,VSTM2B,ZNF536"
1299075,3.1610141901555786,VCaP,urogenital_system,prostate,PRAD,cnaPANCAN1,0,gain,"C19orf12,CCNE1,PLEKHF1,POP4,TSHZ3,UQCRFS1,URI1,VSTM2B,ZNF536"
1303896,-1.168328072964246,GA-10,blood,Burkitt_lymphoma,UNCLASSIFIED,cnaPANCAN2,0,loss,"ABCA7,ABHD17A,ADAMTSL5,ADAT3,AMH,AP3D1,APC2,ARID3A,ATP5D,ATP8B3,AZU1,BSG,BTBD2,C19orf24,C19orf25,C19orf26,C19orf35,C2CD4C,CDC34,CFD,CIRBP,CNN2,CSNK1G2,DAZAP1,DOT1L,EFNA2,ELANE,FGF22,FSTL3,GAMT,GPX4,GRIN3B,GZMM,HCN2,HMHA1,IZUMO4,JSRP1,KISS1R,KLF16,LINGO3,LMNB2,LPPR3,LSM7,MADCAM1,MBD3,MED16,MEX3D,MIDN,MIER2,MISP,MKNK2,MOB3A,MUM1,NDUFS7,OAZ1,ODF3L2,ONECUT3,PALM,PCSK4,PLEKHJ1,PLK5,POLR2E,POLRMT,PPAP2C,PRSS57,PRTN3,PTBP1,R3HDM4,REEP6,REXO1,RNF126,RPS15,SBNO2,SCAMP4,SF3A2,SHC2,STK11,TCF3,THEG,TIMM13,TMEM259,TMPRSS9,TPGS1,UQCR11,UQCR11,WDR18"
1303897,3.0969092056912992,GRANTA-519,blood,B_cell_lymphoma,DLBC,cnaPANCAN154,0,loss,AK8
1303901,3.162918203376893,HCC-33,lung,lung_small_cell_carcinoma,SCLC,cnaPANCAN1,0,gain,"C19orf12,CCNE1,PLEKHF1,POP4,TSHZ3,UQCRFS1,URI1,VSTM2B,ZNF536"
1322218,1.746799068061416,Hs-445,blood,Hodgkin_lymphoma,UNCLASSIFIED,cnaPANCAN1,0,gain,"C19orf12,CCNE1,PLEKHF1,POP4,TSHZ3,UQCRFS1,URI1,VSTM2B,ZNF536"
1322224,2.681560972916096,HSC-39,digestive_system,stomach,STAD,cnaPANCAN1,0,gain,"C19orf12,CCNE1,PLEKHF1,POP4,TSHZ3,UQCRFS1,URI1,VSTM2B,ZNF536"
1323913,2.2762406547922884,NB4,blood,acute_myeloid_leukaemia,LAML,cnaPANCAN1,0,gain,"C19orf12,CCNE1,PLEKHF1,POP4,TSHZ3,UQCRFS1,URI1,VSTM2B,ZNF536"
1327766,2.430869084070907,JJN-3,blood,haematopoietic_neoplasm_other,MM,cnaPANCAN1,0,gain,"C19orf12,CCNE1,PLEKHF1,POP4,TSHZ3,UQCRFS1,URI1,VSTM2B,ZNF536"
1327768,2.054208530663458,JM1,blood,B_cell_lymphoma,DLBC,cnaPANCAN1,0,gain,"C19orf12,CCNE1,PLEKHF1,POP4,TSHZ3,UQCRFS1,URI1,VSTM2B,ZNF536"
1327769,2.416042596538844,JSC-1,blood,B_cell_lymphoma,DLBC,cnaPANCAN1,0,gain,"C19orf12,CCNE1,PLEKHF1,POP4,TSHZ3,UQCRFS1,URI1,VSTM2B,ZNF536"
1327771,2.5101362825736406,JURL-MK1,blood,chronic_myeloid_leukaemia,LCML,cnaPANCAN1,0,gain,"C19orf12,CCNE1,PLEKHF1,POP4,TSHZ3,UQCRFS1,URI1,VSTM2B,ZNF536"
1327774,1.6294132314639496,KARPAS-231,blood,B_cell_leukemia,UNCLASSIFIED,cnaPANCAN1,0,gain,"C19orf12,CCNE1,PLEKHF1,POP4,TSHZ3,UQCRFS1,URI1,VSTM2B,ZNF536"
1330931,2.239494424532356,KCL-22,blood,chronic_myeloid_leukaemia,LCML,cnaPANCAN270,0,gain,"C1orf87,CYP2J2,DAB1,FGGY,HOOK1,JUN,MYSM1,OMA1,TACSTD2"
1330933,2.048103166020113,KOPN-8,blood,B_cell_leukemia,UNCLASSIFIED,cnaPANCAN1,0,gain,"C19orf12,CCNE1,PLEKHF1,POP4,TSHZ3,UQCRFS1,URI1,VSTM2B,ZNF536"
1330935,2.666457406891043,L-1236,blood,Hodgkin_lymphoma,UNCLASSIFIED,cnaPANCAN1,0,gain,"C19orf12,CCNE1,PLEKHF1,POP4,TSHZ3,UQCRFS1,URI1,VSTM2B,ZNF536"
1330942,3.4549441936097542,ME-1,blood,acute_myeloid_leukaemia,LAML,cnaPANCAN1,0,gain,"C19orf12,CCNE1,PLEKHF1,POP4,TSHZ3,UQCRFS1,URI1,VSTM2B,ZNF536"
1330947,1.3014841725119042,MOLM-13,blood,acute_myeloid_leukaemia,LAML,cnaPANCAN1,0,gain,"C19orf12,CCNE1,PLEKHF1,POP4,TSHZ3,UQCRFS1,URI1,VSTM2B,ZNF536"
1330950,2.8384989651939008,MOLP-8,blood,myeloma,MM,cnaPANCAN1,0,gain,"C19orf12,CCNE1,PLEKHF1,POP4,TSHZ3,UQCRFS1,URI1,VSTM2B,ZNF536"
1330960,2.2598306682408373,MY-M12,blood,leukemia,ALL,cnaPANCAN1,0,gain,"C19orf12,CCNE1,PLEKHF1,POP4,TSHZ3,UQCRFS1,URI1,VSTM2B,ZNF536"
1330972,2.7440681654933208,NCI-H1876,lung,lung_small_cell_carcinoma,SCLC,cnaPANCAN1,0,gain,"C19orf12,CCNE1,PLEKHF1,POP4,TSHZ3,UQCRFS1,URI1,VSTM2B,ZNF536"
1330981,2.0730076932308727,NK-92MI,blood,lymphoid_neoplasm_other,UNCLASSIFIED,cnaPANCAN1,0,gain,"C19orf12,CCNE1,PLEKHF1,POP4,TSHZ3,UQCRFS1,URI1,VSTM2B,ZNF536"
1330982,2.5015802110535943,NU-DUL-1,blood,B_cell_lymphoma,DLBC,cnaPANCAN54,0,loss,"ADAM8,KNDC1,UTF1,VENTX"
1330983,2.2940862199922734,OCI-AML5,blood,acute_myeloid_leukaemia,LAML,cnaPANCAN1,0,gain,"C19orf12,CCNE1,PLEKHF1,POP4,TSHZ3,UQCRFS1,URI1,VSTM2B,ZNF536"
1330984,1.291720412213502,OCI-LY-19,blood,B_cell_lymphoma,DLBC,cnaPANCAN1,0,gain,"C19orf12,CCNE1,PLEKHF1,POP4,TSHZ3,UQCRFS1,URI1,VSTM2B,ZNF536"
1330985,2.2937750443653755,OCI-M1,blood,acute_myeloid_leukaemia,LAML,cnaPANCAN1,0,gain,"C19orf12,CCNE1,PLEKHF1,POP4,TSHZ3,UQCRFS1,URI1,VSTM2B,ZNF536"
1330987,1.2818007657281305,P32-ISH,blood,Burkitt_lymphoma,UNCLASSIFIED,cnaPANCAN1,0,gain,"C19orf12,CCNE1,PLEKHF1,POP4,TSHZ3,UQCRFS1,URI1,VSTM2B,ZNF536"
1330991,3.6530304978248576,PL-21,blood,acute_myeloid_leukaemia,LAML,cnaPANCAN1,0,gain,"C19orf12,CCNE1,PLEKHF1,POP4,TSHZ3,UQCRFS1,URI1,VSTM2B,ZNF536"
1330995,3.021109226606764,RC-K8,blood,B_cell_lymphoma,DLBC,cnaPANCAN403,0,loss,PAPLN
1331025,3.9043319677809865,ROS-50,blood,B_cell_leukemia,UNCLASSIFIED,cnaPANCAN1,0,gain,"C19orf12,CCNE1,PLEKHF1,POP4,TSHZ3,UQCRFS1,URI1,VSTM2B,ZNF536"
1331030,1.5402984372169932,SC-1,blood,B_cell_lymphoma,,cnaPANCAN1,0,gain,"C19orf12,CCNE1,PLEKHF1,POP4,TSHZ3,UQCRFS1,URI1,VSTM2B,ZNF536"
1331032,2.772669313604531,SLVL,blood,B_cell_lymphoma,DLBC,cnaPANCAN1,0,gain,"C19orf12,CCNE1,PLEKHF1,POP4,TSHZ3,UQCRFS1,URI1,VSTM2B,ZNF536"
1331034,2.0056779446739483,SU-DHL-16,blood,B_cell_lymphoma,DLBC,cnaPANCAN1,0,gain,"C19orf12,CCNE1,PLEKHF1,POP4,TSHZ3,UQCRFS1,URI1,VSTM2B,ZNF536"
1331035,-0.20383175226126232,SU-DHL-4,blood,B_cell_lymphoma,DLBC,cnaPANCAN313,0,loss,ALDH3A1
1331037,1.1345729529928807,SU-DHL-6,blood,B_cell_lymphoma,DLBC,cnaPANCAN1,0,gain,"C19orf12,CCNE1,PLEKHF1,POP4,TSHZ3,UQCRFS1,URI1,VSTM2B,ZNF536"
1331038,1.5478545762202736,SU-DHL-8,blood,B_cell_lymphoma,DLBC,cnaPANCAN1,0,gain,"C19orf12,CCNE1,PLEKHF1,POP4,TSHZ3,UQCRFS1,URI1,VSTM2B,ZNF536"
1331039,2.810035389546027,SUP-HD1,blood,Hodgkin_lymphoma,UNCLASSIFIED,cnaPANCAN1,0,gain,"C19orf12,CCNE1,PLEKHF1,POP4,TSHZ3,UQCRFS1,URI1,VSTM2B,ZNF536"
1331040,2.203369995998619,SUP-M2,blood,anaplastic_large_cell_lymphoma,UNCLASSIFIED,cnaPANCAN1,0,gain,"C19orf12,CCNE1,PLEKHF1,POP4,TSHZ3,UQCRFS1,URI1,VSTM2B,ZNF536"
1331045,2.22793520218678,TK,blood,B_cell_lymphoma,DLBC,cnaPANCAN1,0,gain,"C19orf12,CCNE1,PLEKHF1,POP4,TSHZ3,UQCRFS1,URI1,VSTM2B,ZNF536"
1331048,2.705777370785001,VAL,blood,B_cell_lymphoma,DLBC,cnaPANCAN149,0,loss,HSDL2
1331049,2.0356950127987155,WIL2-NS,blood,lymphoid_neoplasm_other,UNCLASSIFIED,cnaPANCAN1,0,gain,"C19orf12,CCNE1,PLEKHF1,POP4,TSHZ3,UQCRFS1,URI1,VSTM2B,ZNF536"
1331050,2.841495130445369,WSU-DLCL2,blood,B_cell_lymphoma,DLBC,cnaPANCAN1,0,gain,"C19orf12,CCNE1,PLEKHF1,POP4,TSHZ3,UQCRFS1,URI1,VSTM2B,ZNF536"
